name,v_nom,x,y,country
ABBA1-,380.0,-2.18100018,57.21142863,GB
AMUL1E,380.0,-3.487501081,56.39669617,GB
AMUL1F,380.0,-3.487501081,56.39669617,GB
AMUL1G,380.0,-3.293750933,56.33945602,GB
AMUL1H,380.0,-3.293750933,56.33945602,GB
BEAT4-,380.0,-2.950702753666667,57.477916418333336,GB
BEAU1J,380.0,-4.489802119,57.46759907,GB
BEAU1L,380.0,-4.489802119,57.46759907,GB
BEAU1M,380.0,-4.489802119,57.46759907,GB
BEAU1N,380.0,-4.489802119,57.46759907,GB
BEAU1R,380.0,-4.489802119,57.46759907,GB
BEAU1S,380.0,-4.489802119,57.46759907,GB
BEAU1T,380.0,-4.489802119,57.46759907,GB
BIHI1Q,380.0,-3.158900859,56.505976544999996,GB
BIHI1R,380.0,-3.158900859,56.505976544999996,GB
BLHI1J,380.0,-2.932700798,57.53762947,GB
BLHI1K,380.0,-2.932700798,57.53762947,GB
BLHI2L,380.0,-2.6623515418333334,57.345422524166665,GB
BLHI2M,380.0,-2.6623515418333334,57.345422524166665,GB
BOAG1L,380.0,-3.723001408,57.24932862,GB
BOAG1M,380.0,-3.723001408,57.24932862,GB
BOAG1P,380.0,-3.723001408,57.24932862,GB
BONB2J,380.0,-3.860301279,56.0071049,GB
BONB4-,380.0,-4.2874017565,56.571866514999996,GB
BREC1Q,380.0,-2.4242753495000002,56.820717525,GB
BREC1R,380.0,-2.49041289575,56.7705623775,GB
BROR1Q,380.0,-3.87470168,58.01993055,GB
CHAR1S,380.0,-3.044800773,56.47382646,GB
CHAR1T,380.0,-3.044800773,56.47382646,GB
CLUN1S,380.0,-3.273000945,56.53812663,GB
CLUN1T,380.0,-3.273000945,56.53812663,GB
COGA1C,380.0,-3.599413,57.504052,GB
CONN1C,380.0,-3.753501664,58.57592179,GB
CORI1K,380.0,-4.616254,57.553719,GB
CORI1P,380.0,-4.723078236499999,57.58412419,GB
CORI1Q,380.0,-4.723078236499999,57.58412419,GB
CRAI1P,380.0,-2.153000157,57.13112841,GB
CRAI1R,380.0,-2.153000157,57.13112841,GB
CREA1A,380.0,-4.4558495325,57.275131439999996,GB
CRSS1Q,380.0,-5.4261574275,55.80814389,GB
CRSS1R,380.0,-5.350002441,56.02602463,GB
CRSS2C,380.0,-5.502312414,55.59026315,GB
CRSS2D,380.0,-5.451542423,55.735516976666666,GB
DENS1Q,380.0,-2.554726686375,56.667209568749996,GB
DENS1R,380.0,-2.619040477,56.56385676,GB
DLCH1B,380.0,-4.4558495325,57.275131439999996,GB
DUCC1J,380.0,-4.5530280595,57.510659035,GB
DUCC1K,380.0,-4.5530280595,57.510659035,GB
DUNM1C,380.0,-3.270557387916667,57.50591247208334,GB
DYCE1J,380.0,-2.18100018,57.21142863,GB
DYCE1T,380.0,-2.18100018,57.21142863,GB
DYCE1U,380.0,-2.18100018,57.21142863,GB
ELGI1L,380.0,-3.317201133,57.66232975,GB
ELGI1M,380.0,-3.317201133,57.66232975,GB
ERRO1A,380.0,-4.17955173825,56.87945248,GB
ERRO1B,380.0,-4.17955173825,56.87945248,GB
FAUG1-,380.0,-4.714502234,57.13662813,GB
FAUG1J,380.0,-4.714502234,57.13662813,GB
FAUG1K,380.0,-4.714502234,57.13662813,GB
FAUG1M,380.0,-4.714502234,57.13662813,GB
FAUG1N,380.0,-4.714502234,57.13662813,GB
FAUG1P,380.0,-4.714502234,57.13662813,GB
FERO1S,380.0,-5.21400246,56.43007894,GB
FETT2P,380.0,-2.347373,56.964638,GB
FETT2Q,380.0,-2.347373,56.964638,GB
FIDD1B,380.0,-2.292000257,56.92102782,GB
FOFO2-,380.0,-2.57291862675,56.8986302175,GB
FOGG1Q,380.0,-2.4383337113333337,57.16519516333333,GB
FOGG1R,380.0,-2.411000353666667,57.06789489333334,GB
FOYE2-,380.0,-3.4349851939583336,57.50498223604167,GB
FYRI1J,380.0,-4.27420198,57.70812973,GB
FYRI2K,380.0,-4.489802119,57.46759907,GB
GARB1Q,380.0,-4.7025019409999995,56.13317514,GB
GARB1R,380.0,-4.6400518825,56.096675035000004,GB
GARB1S,380.0,-4.704001974,56.2464255,GB
GARB1T,380.0,-4.704001974,56.2464255,GB
GLRB2-,380.0,-3.196300847,56.20402561,GB
INNE1Q,380.0,-4.241401893,57.45202908,GB
INNE1R,380.0,-4.241401893,57.45202908,GB
INRU1Q,380.0,-1.784124868,57.50456142,GB
INRU1R,380.0,-1.784124868,57.50456142,GB
INRU1S,380.0,-2.00998614785,57.5085277205,GB
INVE1J,380.0,-5.11037776575,56.255098777499995,GB
INVE1K,380.0,-5.05479406025,56.17584963583332,GB
INVR1-,380.0,-4.704001974,56.2464255,GB
INVR1A,380.0,-4.704001974,56.2464255,GB
INVR1B,380.0,-4.704001974,56.2464255,GB
INVR1C,380.0,-4.514251852999999,56.360925890000004,GB
INVR1D,380.0,-4.514251852999999,56.360925890000004,GB
KEIT1J,380.0,-2.932700798,57.53762947,GB
KEIT1K,380.0,-2.932700798,57.53762947,GB
KEIT3-,380.0,-2.932700798,57.53762947,GB
KILC1Q,380.0,-5.134398260125,56.302964287916666,GB
KINB2K,380.0,-2.6811292923333334,56.734645525,GB
KNOC2N,380.0,-3.599413,57.504052,GB
KNOC2P,380.0,-3.270557387916667,57.50591247208334,GB
LAGG1R,380.0,-4.714502234,57.13662813,GB
LOCB1J,380.0,-3.912951743,58.191580915,GB
LOCB1K,380.0,-4.063885192333333,58.049913911666664,GB
LOCL1S,380.0,-5.107652,57.069517,GB
LUMB1Q,380.0,-2.0469850794999997,57.636239755,GB
LUMB1R,380.0,-2.0469850794999997,57.636239755,GB
MELG1J,380.0,-4.714502234,57.13662813,GB
MILC1T,380.0,-2.917000681,56.46862645,GB
MORF2-,380.0,-2.2286314167000003,57.22797643933333,GB
MOTA1Q,380.0,-4.4469021365,57.70291467,GB
MOTA1R,380.0,-4.4469021365,57.70291467,GB
MYBS1Q,380.0,-3.421901332,58.44493156,GB
MYBS1R,380.0,-3.421901332,58.44493156,GB
MYBS3M,380.0,-3.421901332,58.44493156,GB
NEDE2J,380.0,-2.2562002385,57.19352858,GB
NEDE2K,380.0,-2.2286314167000003,57.22797643933333,GB
PEHE2T,380.0,-2.2562002385,57.19352858,GB
PEHE2U,380.0,-2.19730019275,57.183828555,GB
PEHE2V,380.0,-2.2562002385,57.19352858,GB
PEHE2W,380.0,-2.138400147,57.17412853,GB
PEHEMEC1,380.0,-2.138400147,57.17412853,GB
PEHEMEC2,380.0,-2.2562002385,57.19352858,GB
PEHEMEC3,380.0,-2.2562002385,57.19352858,GB
PEHEMEC4,380.0,-2.2562002385,57.19352858,GB
PEHEMEC5,380.0,-2.19730019275,57.183828555,GB
PORA1Q,380.0,-5.350002441,56.02602463,GB
PORA1R,380.0,-5.350002441,56.02602463,GB
SFEG1S,380.0,-1.841299912,57.57877961,GB
SFER1J,380.0,-2.0469850794999997,57.636239755,GB
SFER1K,380.0,-2.0469850794999997,57.636239755,GB
SFER1L,380.0,-1.8908032865,57.573193595,GB
SLKB1J,380.0,-4.241401893,57.45202908,GB
SLKB1K,380.0,-4.241401893,57.45202908,GB
SLOY1A,380.0,-4.704001974,56.2464255,GB
SLOY1B,380.0,-4.704001974,56.2464255,GB
SLOY1C,380.0,-4.704001974,56.2464255,GB
SLOY1D,380.0,-4.704001974,56.2464255,GB
SLOY1E,380.0,-4.704001974,56.2464255,GB
SLOY1F,380.0,-4.704001974,56.2464255,GB
SLOY1J,380.0,-4.704001974,56.2464255,GB
TOMT1J,380.0,-3.4967793979583335,57.37762054604167,GB
TOMT1K,380.0,-3.6063979353194444,57.37700038868056,GB
WHIB1A,380.0,-3.6446012425000003,56.622276830000004,GB
WHIB1B,380.0,-3.6446012425,56.62227683,GB
WHIB1C,380.0,-3.6446012425000003,56.622276830000004,GB
WHIB1D,380.0,-3.6446012425,56.62227683,GB
WHIB1E,380.0,-3.6446012425000003,56.622276830000004,GB
WHIB1F,380.0,-3.6446012425,56.62227683,GB
AREC3-,380.0,-4.429001551,55.44712294,GB
AUCH2-,380.0,-4.429001551,55.44712294,GB
AUCW1-,380.0,-4.677001696,55.33702251,GB
BLCW3-,380.0,-4.429001551,55.44712294,GB
BUSB2-,380.0,-4.22520149,55.78289077,GB
CCSS3-,380.0,-4.256810541,55.90309249,GB
CLYS3B,380.0,-4.139071100333334,55.80278018333333,GB
COAL1-,380.0,-4.256810541,55.90309249,GB
COAL1A,380.0,-4.256810541,55.90309249,GB
COYT1T,380.0,-4.520668283666667,55.45458961,GB
COYW2S,380.0,-4.4425015775,55.51337316,GB
COYW2T,380.0,-4.4425015775,55.51337316,GB
CRDY3A,380.0,-3.0060506045000004,55.220872365,GB
CRDY3B,380.0,-3.0060506045000004,55.220872365,GB
CRUA2Q,380.0,-3.420461,57.556815,GB
CRUA2R,380.0,-3.420461,57.556815,GB
CRYR1A,380.0,-2.911867285333333,55.69629063,GB
DALL2-,380.0,-3.420461,57.556815,GB
DONO1-,380.0,-4.256810541,55.90309249,GB
DUNE3-,380.0,-2.766500503,55.60782371,GB
DUNH1Q,380.0,-4.429001551,55.44712294,GB
DUNH1R,380.0,-4.429001551,55.44712294,GB
ECCL4C,380.0,-2.327700238,55.66812393,GB
ECCL4D,380.0,-2.327700238,55.66812393,GB
EKIL2Q,380.0,-4.191601466,55.78492412,GB
EKIL2R,380.0,-4.191601466,55.78492412,GB
ESST1-,380.0,-4.316101576,55.86952437,GB
ESST1Q,380.0,-4.316101576,55.86952437,GB
GARE1S,380.0,-4.704001974,56.2464255,GB
GARE1T,380.0,-4.704001974,56.2464255,GB
GLGL3-,380.0,-4.429001551,55.44712294,GB
GRMO3A,380.0,-3.308700882,55.90222463,GB
GRNA1-,380.0,-3.0060506045000004,55.220872365,GB
HAKB4-,380.0,-2.96441654425612,54.941525567156,GB
HARR3-,380.0,-4.256810541,55.90309249,GB
HUCS4-,380.0,-4.897914663907308,55.7173022715747,GB
HUER1-,380.0,-4.863501953,55.74322384,GB
HUNE4-,380.0,-4.863501953,55.74322384,GB
HUNN2A,380.0,-5.1829071835,55.666743495,GB
HUNN2B,380.0,-4.863501953,55.74322384,GB
INVR2-,380.0,-4.276154982666667,56.683222,GB
INWI1Q,380.0,-2.572700408,55.97660493,GB
INWI1R,380.0,-2.572700408,55.97660493,GB
JUNA1T,380.0,-4.770801871,55.703623730000004,GB
JUNB1-,380.0,-2.920489216918707,55.19687367738533,GB
KAIM3-,380.0,-3.163400784,55.89052461,GB
KILS1-,380.0,-4.456001604,55.57962338,GB
KINB2J,380.0,-2.347373,56.964638,GB
KINC2-,380.0,-2.988258254666667,56.256362419999995,GB
LAMB2-,380.0,-4.1226347809999995,55.91778456,GB
LAMB2T,380.0,-3.99146803,55.96244473,GB
LEVT1Q,380.0,-3.060067421333333,56.22245901333334,GB
LEVT1R,380.0,-3.1093674559999998,56.228292360000005,GB
LOAN2-,380.0,-3.8446204230000003,55.967737955,GB
MAHI3-,380.0,-4.429001551,55.44712294,GB
MEAD1-,380.0,-4.604068394,55.635890206666666,GB
MINN3-,380.0,-4.139071100333334,55.80278018333333,GB
NECU1-,380.0,-4.429001551,55.44712294,GB
NEIL1-,380.0,-4.4368016575,55.839324245,GB
PAIS1Q,380.0,-4.410701638,55.83912425,GB
PAIS1R,380.0,-4.410701638,55.83912425,GB
SMEA4Q,380.0,-4.08020138,55.75262403,GB
WFIB2-,380.0,-2.83495062,56.68787705,GB
WHTB1S,380.0,-4.940002084,55.97462457,GB
WHTB1T,380.0,-4.940002084,55.97462457,GB
BAGB21,380.0,-3.857518125137905,51.6213667589047,GB
BRIN21,380.0,-1.409880045823245,53.37170644312295,GB
BRIN22,380.0,-1.327038136584945,53.3145648994774,GB
BULL41,380.0,0.5722793725048545,51.7295026716043,GB
CAMA11,380.0,-2.48126992508804,51.5689827903254,GB
CAMA12,380.0,-2.48126992508804,51.5689827903254,GB
CAPE1A,380.0,-2.948,53.26621,GB
CAPE1B,380.0,-2.948,53.26621,GB
CARR42,380.0,-2.40035,53.43491,GB
CHIC4A,380.0,-2.48926122391755,50.6243722004971,GB
CHIL41,380.0,-1.2009875764584867,50.87406941882204,GB
CHUE4A,380.0,0.26471811615909197,51.483844565458604,GB
CHUE4B,380.0,0.26471811615909197,51.483844565458604,GB
CILF2A,380.0,-3.29750970294396,51.5751741445981,GB
CILF2B,380.0,-3.29750970294396,51.5751741445981,GB
CLEH41,380.0,0.9174077284362241,51.32981227333765,GB
COSO41,380.0,0.48006317084316,51.52736031950275,GB
COTT41,380.0,-0.7949355263551777,53.4239735381961,GB
COTT42,380.0,-0.838070586865596,53.21893255834775,GB
COWT2A,380.0,-3.41191345000913,51.47216794027414,GB
CREB2A,380.0,-0.41449140040276,53.8009731046268,GB
CREB2B,380.0,-0.41449140040276,53.8009731046268,GB
CULJ4A,380.0,-1.19091,51.71035,GB
DAIN41,380.0,-2.413336949841525,53.30700034174274,GB
DAMC41,380.0,0.596217440623096,51.420019770669,GB
DINO41,380.0,-4.15956411923555,53.187012418508,GB
EASO4B,380.0,-0.302532899162645,52.2149399443026,GB
EGGB41,380.0,-1.4316899177237667,53.644445284563766,GB
EGGB42,380.0,-1.132573530874895,53.7262889161794,GB
ELST12,380.0,-0.342297996455706,51.6600050009823,GB
ELST4A,380.0,-0.342297996455706,51.6600050009823,GB
FENW4A,380.0,-0.9458429107419367,53.636294739988166,GB
FERR22,380.0,-1.27258,53.7201,GB
FERR2B,380.0,-1.27258,53.7201,GB
FFES21,380.0,-3.95062815699155,52.9289282044496,GB
FFES22,380.0,-3.95062815699155,52.9289282044496,GB
GRSA21,380.0,-1.13339074287996,54.5676700530259,GB
GRSB21,380.0,-1.13339074287996,54.5676700530259,GB
HAKB1-,380.0,-3.0927586256280604,54.977523598578,GB
HAKB4B,380.0,-2.9852335743780603,55.081198966078,GB
HAMH1A,380.0,-1.70874539818555,52.5286609296035,GB
HAMH1B,380.0,-1.70874539818555,52.5286609296035,GB
HAMH2A,380.0,-1.70874539818555,52.5286609296035,GB
HARK13,380.0,-2.96441654425612,54.941525567156,GB
HARK23,380.0,-2.96441654425612,54.941525567156,GB
HATL21,380.0,-1.3506081749999899,54.76362961476255,GB
HAWP2A,380.0,-1.40160649259598,54.8062517941345,GB
HEDO21,380.0,-0.41449140040276,53.8009731046268,GB
HIGM21,380.0,-1.327038136584945,53.3145648994774,GB
HIGM4A,380.0,-1.067106365625302,53.3374747007923,GB
IROA11,380.0,-2.48126992508804,51.5689827903254,GB
IROA12,380.0,-2.48126992508804,51.5689827903254,GB
IVER2A,380.0,-0.497640556057333,51.5418358172316,GB
KEAD43,380.0,-0.75792,53.59722,GB
KENG41,380.0,-0.218521011395445,51.50682973013317,GB
KILL41,380.0,-0.6434438001342534,53.66513770154227,GB
KIRK2A,380.0,-1.59684,53.80583,GB
LAGA41,380.0,-3.985775691263255,50.4579190778346,GB
LEIB4A,380.0,-0.8462423493606455,51.821814152371104,GB
LEIB4B,380.0,-0.7049191381873395,51.930225391195506,GB
LEIS11,380.0,1.06282257339503,52.0701818656623,GB
LOFI4A,380.0,0.4925168966962305,51.4139549871052,GB
LOFI4B,380.0,0.4925168966962305,51.4139549871052,GB
MARH41,380.0,-0.797325537071166,52.6604223254213,GB
MARH42,380.0,-0.7603100107159884,52.8336687872252,GB
MAWO41,380.0,-1.408835940942735,50.88095688893835,GB
MEDB4A,380.0,-1.53071263313482,55.1411409076686,GB
MEDB4B,380.0,-1.53071263313482,55.1411409076686,GB
MIDL41,380.0,-2.88895866395436,54.032691683699,GB
MILL41,380.0,-0.6136295968990451,52.08832117049825,GB
MILL4A,380.0,-0.6136295968990451,52.08832117049825,GB
MILL4B,380.0,-0.6136295968990451,52.08832117049825,GB
MONF22,380.0,-1.20273,53.847260000000006,GB
NECT4A,380.0,0.735343088163894,52.6505090560155,GB
NECT4B,380.0,0.735343088163894,52.6505090560155,GB
NORM11,380.0,1.27176,52.57327,GB
NORM12,380.0,1.27176,52.57327,GB
OCKH2A,380.0,-2.03311304612385,52.541005849112,GB
PENM4A,380.0,-3.5671252725067633,53.223747971037,GB
PENM4B,380.0,-3.5671252725067633,53.223747971037,GB
PERH11,380.0,-4.482279,53.413644,GB
PEWO2C,380.0,-2.78743,53.653255,GB
PEWO2D,380.0,-2.78743,53.653255,GB
PUDM41,380.0,-0.046978276426903,51.5251394451989,GB
RHIG41,380.0,-3.75475592798318,51.673806473048586,GB
RYEH4A,380.0,0.003460778012639,51.7581482690426,GB
RYEH4B,380.0,0.003460778012639,51.7581482690426,GB
SALH41,380.0,-1.23828,54.60697,GB
SELL4B,380.0,0.977553686048071,51.1061728246487,GB
SHRE4A,380.0,-2.7810031463732052,52.8306778103495,GB
SHUR41,380.0,-2.9022059623611876,51.1106186236063,GB
SPLN41,380.0,-0.011118834742514502,52.8292742457967,GB
STAL4B,380.0,-2.04367,53.4922,GB
STEN11,380.0,-1.72448826378106,54.9780572903754,GB
SWAN42,380.0,-3.96097250700145,51.6827182596444,GB
THOM2A,380.0,-1.08704167047602,53.5791863876057,GB
THUR2A,380.0,-1.26659030986776,53.4048473094853,GB
TOTT2A,380.0,-0.048684300656886,51.60378016084,GB
TOTT2B,380.0,-0.048684300656886,51.60378016084,GB
USKM11,380.0,-2.97553993923219,51.5486874501034,GB
USKM2A,380.0,-2.97553993923219,51.5486874501034,GB
USKM2B,380.0,-2.97553993923219,51.5486874501034,GB
WBUR41,380.0,-0.807174594665659,53.3603845021072,GB
WTHU4C,380.0,0.28938,51.4723,GB
WTHU4D,380.0,0.28938,51.4723,GB
BOSO11,380.0,-2.88895866395436,54.032691683699,GB
BBWO21,380.0,-3.469149,53.256682,GB
BRST21,380.0,1.06282257339503,52.0701818656623,GB
BRST22,380.0,1.06282257339503,52.0701818656623,GB
SGRO21,380.0,-2.57291862675,56.8986302175,GB
SGRO22,380.0,-2.57291862675,56.8986302175,GB
GALO11,380.0,1.06282257339503,52.0701818656623,GB
GALO12,380.0,1.06282257339503,52.0701818656623,GB
GGON11,380.0,1.06282257339503,52.0701818656623,GB
GGON12,380.0,1.06282257339503,52.0701818656623,GB
GGON13,380.0,1.06282257339503,52.0701818656623,GB
CLTO11,380.0,1.06282257339503,52.0701818656623,GB
GWYO11,380.0,-3.469149,53.256682,GB
GWYO12,380.0,-3.469149,53.256682,GB
HOWA21,380.0,-0.6434438001342534,53.66513770154227,GB
HOWR2A,380.0,-0.6434438001342534,53.66513770154227,GB
HOWB21,380.0,-0.6434438001342534,53.66513770154227,GB
HOWR2B,380.0,-0.6434438001342534,53.66513770154227,GB
HUMO11,380.0,-0.41449140040276,53.8009731046268,GB
HUMO12,380.0,-0.41449140040276,53.8009731046268,GB
LINO11,380.0,0.198926176327788,52.727748112031,GB
LINO12,380.0,0.198926176327788,52.727748112031,GB
LINO13,380.0,0.198926176327788,52.727748112031,GB
LINO14,380.0,0.198926176327788,52.727748112031,GB
LONO11,380.0,0.9174077284362241,51.32981227333765,GB
LONO12,380.0,0.9174077284362241,51.32981227333765,GB
LONO13,380.0,0.9174077284362241,51.32981227333765,GB
LONO14,380.0,0.9174077284362241,51.32981227333765,GB
TWNE11,380.0,-0.236485756654133,50.9743730653955,GB
TWNE12,380.0,-0.236485756654133,50.9743730653955,GB
THAW11,380.0,1.3459,51.30873,GB
THAW12,380.0,1.3459,51.30873,GB
TKNO22,380.0,-0.221163845812817,52.9308003795624,GB
TKNO21,380.0,-0.221163845812817,52.9308003795624,GB
WAAO11,380.0,-2.88895866395436,54.032691683699,GB
WAAO1A,380.0,-2.88895866395436,54.032691683699,GB
WABO11,380.0,-2.98977420779373,53.8796620058011,GB
WABO1A,380.0,-2.98977420779373,53.8796620058011,GB
WOWE21,380.0,-2.88895866395436,54.032691683699,GB
WOWE22,380.0,-2.88895866395436,54.032691683699,GB
WERO11,380.0,-0.41449140040276,53.8009731046268,GB
FLIB41,380.0,-3.07266269828474,53.227549494603,GB
BLHI4R,380.0,-2.950702753666667,57.477916418333336,GB
SALL11,380.0,1.27176,52.57327,GB
SALL12,380.0,1.27176,52.57327,GB
BEAT4A,380.0,-2.950702753666667,57.477916418333336,GB
BLHI41,380.0,-2.950702753666667,57.477916418333336,GB
BLHI42,380.0,-2.950702753666667,57.477916418333336,GB
LINO42,380.0,0.198926176327788,52.727748112031,GB
GANW14,380.0,1.06282257339503,52.0701818656623,GB
PORA1S,380.0,-5.350002441,56.02602463,GB
SLOY1T,380.0,-4.704001974,56.2464255,GB
BEAU1P,380.0,-4.489802119,57.46759907,GB
BEAU1Q,380.0,-4.489802119,57.46759907,GB
KNOC1J,380.0,-4.055396401986111,57.47487012868055,GB
KNOC2L,380.0,-4.0446075595,57.485825535000004,GB
KNOC2M,380.0,-3.8801797534583335,57.48675577104167,GB
MILW1S,380.0,-4.825602337,57.145323129999994,GB
TEAL1-,380.0,-2.8002490522125,56.66006851862501,GB
ROTI2K,380.0,-2.37400033,57.21292863,GB
TOMT1L,380.0,-3.723001408,57.24932862,GB
TOMT1M,380.0,-3.723001408,57.24932862,GB
TUMM4-,380.0,-4.714502234,57.13662813,GB
QUOI1Q,380.0,-5.107652,57.069517,GB
GLAG1Q,380.0,-2.9974007384999997,56.467776445,GB
GLAG1R,380.0,-2.9974007384999997,56.467776445,GB
FARI1J,380.0,-3.599413,57.504052,GB
CONN1J,380.0,-3.753501664,58.57592179,GB
STRW1C,380.0,-3.753501664,58.57592179,GB
MOSS1S,380.0,-4.829902473,57.61452938,GB
MOSS1T,380.0,-4.829902473,57.61452938,GB
KINT1P,380.0,-2.37400033,57.21292863,GB
KINT1R,380.0,-2.37400033,57.21292863,GB
CREA1B,380.0,-4.4558495325,57.275131439999996,GB
HUNN2C,380.0,-5.502312414,55.59026315,GB
LOCB1L,380.0,-4.1844006377500005,57.7333561775,GB
ORRI1S,380.0,-4.616254,57.553719,GB
ORRI1T,380.0,-4.616254,57.553719,GB
MILC1V,380.0,-2.917000681,56.46862645,GB
FARI1K,380.0,-3.270557387916667,57.50591247208334,GB
KINT1T,380.0,-2.37400033,57.21292863,GB
KINT1U,380.0,-2.37400033,57.21292863,GB
TUMM1J,380.0,-4.714502234,57.13662813,GB
TUMM1K,380.0,-4.714502234,57.13662813,GB
GLDO1G,380.0,-4.714502234,57.13662813,GB
LAGG1Q,380.0,-4.714502234,57.13662813,GB
LOCL1Q,380.0,-4.894402348,56.977977635,GB
LOCL1R,380.0,-4.894402348,56.977977635,GB
FOYE2J,380.0,-3.4349851939583336,57.50498223604167,GB
LUND1-,380.0,-5.074302462,56.81932714,GB
SLOY1K,380.0,-4.704001974,56.2464255,GB
WHIB1H,380.0,-3.56605116175,56.509486499999994,GB
WHIB1G,380.0,-3.46917608775,56.480866425,GB
SFER1M,380.0,-1.8908032865,57.573193595,GB
KEIT3A,380.0,-2.932700798,57.53762947,GB
KINT1B,380.0,-2.37400033,57.21292863,GB
MELG1K,380.0,-4.714502234,57.13662813,GB
SPIT1J,380.0,-3.421901332,58.44493156,GB
SPIT1M,380.0,-3.421901332,58.44493156,GB
SPIT1K,380.0,-3.421901332,58.44493156,GB
MYBS3N,380.0,-3.421901332,58.44493156,GB
SLKB1L,380.0,-4.042951732,57.513029270000004,GB
SLKB1M,380.0,-4.042951732,57.513029270000004,GB
PEHE2S,380.0,-2.138400147,57.17412853,GB
PEHEMEC6,380.0,-2.138400147,57.17412853,GB
PEHERSV2,380.0,-2.37400033,57.21292863,GB
PEHERSV1,380.0,-2.2562002385,57.19352858,GB
SFEG1T,380.0,-1.841299912,57.57877961,GB
SPIT2R,380.0,-3.4271417159333337,58.290825600666665,GB
MAHI1-,380.0,-4.429001551,55.44712294,GB
GLAP3-,380.0,-4.429001551,55.44712294,GB
NECU1Q,380.0,-4.429001551,55.44712294,GB
BLKS3-,380.0,-4.429001551,55.44712294,GB
WISH1-,380.0,-3.928794278,55.76416809,GB
DENN1-,380.0,-3.860301279,56.0071049,GB
CUMH3-,380.0,-4.256810541,55.90309249,GB
ECCF1J,380.0,-3.221100707,55.01352163,GB
ECCF1K,380.0,-3.221100707,55.01352163,GB
ELVA2Q,380.0,-4.139071100333334,55.80278018333333,GB
ELVA2R,380.0,-4.139071100333334,55.80278018333333,GB
CLYS3X,380.0,-4.139071100333334,55.80278018333333,GB
MAYT1T,380.0,-4.5530016235,55.392072725,GB
EWEH3-,380.0,-3.0060506045000004,55.220872365,GB
SMEA1-,380.0,-3.0136699771,55.756508573999994,GB
KEIH3-,380.0,-2.766500503,55.60782371,GB
POGB3-,380.0,-2.766500503,55.60782371,GB
TODD3-,380.0,-2.766500503,55.60782371,GB
STWB4Q,380.0,-1.92920643556741,55.4046324188343,GB
STWB4R,380.0,-1.92920643556741,55.4046324188343,GB
GRNA4C,380.0,-3.572560852416667,55.511826274166665,GB
WIYH1-,380.0,-4.44687418095679,56.03674265981482,GB
HAWI1B,380.0,-2.791000502,55.4282231,GB
SAKN1-,380.0,-4.429001551,55.44712294,GB
SNQR3-,380.0,-4.429001551,55.44712294,GB
WHLL3-,380.0,-4.429001551,55.44712294,GB
GRMO3C,380.0,-3.308700882,55.90222463,GB
JUNV1-,380.0,-2.920489216918707,55.19687367738533,GB
MOFF4C,380.0,-3.551743822294727,55.372152875244666,GB
KYPE3A,380.0,-4.256810541,55.90309249,GB
TORN1-,380.0,-2.685756033777778,55.88316683,GB
KAIM3A,380.0,-3.163400784,55.89052461,GB
KAIM3B,380.0,-3.163400784,55.89052461,GB
NECU1R,380.0,-4.304751432,55.303972474999995,GB
LOAN2Q,380.0,-3.4164393388333334,56.112050187499996,GB
LOAN2R,380.0,-3.4164393388333334,56.112050187499996,GB
TRLO3-,380.0,-4.429001551,55.44712294,GB
MEAD1Q,380.0,-4.604068394,55.635890206666666,GB
MEAD1R,380.0,-4.604068394,55.635890206666666,GB
MOFF3A,380.0,-4.139071100333334,55.80278018333333,GB
SOKY1-,380.0,-4.429001551,55.44712294,GB
NEIL1C,380.0,-4.65015180525,55.7912740425,GB
NEIL2C,380.0,-4.568935073416666,55.76523508416666,GB
WIYH2R,380.0,-4.179560931722222,56.05626610833333,GB
SWAN21,380.0,-3.96097250700145,51.6827182596444,GB
WIMB2A,380.0,-0.188030020090066,51.4309966455444,GB
ROWD42,380.0,-0.12918,51.37403,GB
ROWD41,380.0,-0.12918,51.37403,GB
LISD2A,380.0,-2.92383,53.41942,GB
MONF21,380.0,-1.5226692895980571,53.79904284644816,GB
WALX22,380.0,-0.010711918170568002,51.710826051996804,GB
WALX21,380.0,-0.010711918170568002,51.710826051996804,GB
HINP22,380.0,-2.8102189656907126,51.160833294862655,GB
HINP21,380.0,-2.8102189656907126,51.160833294862655,GB
DRAK21,380.0,-1.64946033250986,52.7732043331199,GB
IROA13,380.0,-2.48126992508804,51.5689827903254,GB
KEMS4A,380.0,0.740639339817038,51.3672893601945,GB
SELL4C,380.0,0.977553686048071,51.1061728246487,GB
SELL4D,380.0,0.977553686048071,51.1061728246487,GB
INCE11,380.0,-2.948,53.26621,GB
PEWO4A,380.0,-2.6084394059790075,53.62492114079167,GB
WHSO4A,380.0,-3.10951278220425,51.600590472273126,GB
WHAM4B,380.0,0.001843447146194,51.5195888903978,GB
KEMS4B,380.0,0.740639339817038,51.3672893601945,GB
TREU4A,380.0,-3.3584421890026896,53.06178304381283,GB
TREU4B,380.0,-3.3584421890026896,53.06178304381283,GB
MARH4B,380.0,-0.7603100107159884,52.8336687872252,GB
RYHA4A,380.0,-0.5487342127589113,52.819456741249354,GB
RYHA4B,380.0,-0.5703017430141205,52.71693625132518,GB
RATS2A,380.0,-1.25270485764889,52.8632993254963,GB
THTO41,380.0,-0.8911971077595624,54.014386115197176,GB
THTO42,380.0,-0.8468164016775033,54.0337069966705,GB
SELL4E,380.0,0.977553686048071,51.1061728246487,GB
SELL4F,380.0,0.977553686048071,51.1061728246487,GB
WISD2A,380.0,-0.25715122753812,51.5346109023268,GB
PAFB4A,380.0,-1.061549488639884,52.26261457903685,GB
PAFB4B,380.0,-1.061549488639884,52.26261457903685,GB
HEND11,380.0,-0.342297996455706,51.6600050009823,GB
HARK24,380.0,-2.96441654425612,54.941525567156,GB
MEDW41,380.0,0.5761558923698223,51.416129306436694,GB
MARH4A,380.0,-0.797325537071166,52.6604223254213,GB
SHBA41,380.0,-0.3971021150696402,53.61555059594603,GB
LACK2A,380.0,-1.13339074287996,54.5676700530259,GB
LACK2B,380.0,-1.13339074287996,54.5676700530259,GB
LACK2C,380.0,-1.13339074287996,54.5676700530259,GB
LEMR11,380.0,-1.70874539818555,52.5286609296035,GB
HUTT42,380.0,-2.67214957404209,54.29781087216,GB
HUTT43,380.0,-2.67214957404209,54.29781087216,GB
SAES21,380.0,-0.41449140040276,53.8009731046268,GB
QUER4B,380.0,-2.792545683318155,54.048478279147446,GB
SAFO41,380.0,-2.4009909722352427,51.2980826397807,GB
LITT2A,380.0,0.244394453575423,51.4606206140159,GB
LITT2B,380.0,0.244394453575423,51.4606206140159,GB
QUER4A,380.0,-2.792545683318155,54.048478279147446,GB
OLDS12,380.0,-2.48126992508804,51.5689827903254,GB
MELK2A,380.0,-2.15038347717227,51.3918146478679,GB
MELK2B,380.0,-2.15038347717227,51.3918146478679,GB
SING41,380.0,0.46297453960406,51.423985977774905,GB
WWEY2A,380.0,-0.489078811134267,51.3480470900257,GB
SIZE11,380.0,1.06282257339503,52.0701818656623,GB
SIZE12,380.0,1.06282257339503,52.0701818656623,GB
SIZE1A,380.0,1.06282257339503,52.0701818656623,GB
SIZE1B,380.0,1.06282257339503,52.0701818656623,GB
WTHU4E,380.0,0.28938,51.4723,GB
WTHU4F,380.0,0.28938,51.4723,GB
ROWD4A,380.0,0.4925168966962305,51.4139549871052,GB
ROWD4B,380.0,0.4925168966962305,51.4139549871052,GB
NOTR11,380.0,1.27176,52.57327,GB
NOTR12,380.0,1.27176,52.57327,GB
SALH42,380.0,-1.23828,54.60697,GB
THTO43,380.0,-1.02433922600574,53.9564234707772,GB
PEWO4B,380.0,-2.5719826856687176,53.80472957759992,GB
WYLF11,380.0,-4.482279,53.413644,GB
WHAM4A,380.0,0.001843447146194,51.5195888903978,GB
STAY4A,380.0,-0.868966579065533,53.0774806145883,GB
STSB4A,380.0,-1.6772883827187237,53.52918472904485,GB
STES11,380.0,-1.73251019656459,54.9743521720391,GB
USKM12,380.0,-2.97553993923219,51.5486874501034,GB
BEAT21,380.0,-2.950702753666667,57.477916418333336,GB
BEAT22,380.0,-2.950702753666667,57.477916418333336,GB
DUDO11,380.0,0.735343088163894,52.6505090560155,GB
DUDO12,380.0,0.735343088163894,52.6505090560155,GB
MORO21,380.0,-2.2286314167000003,57.22797643933333,GB
MORO22,380.0,-2.2286314167000003,57.22797643933333,GB
MORO23,380.0,-2.2286314167000003,57.22797643933333,GB
RACO22,380.0,0.198926176327788,52.727748112031,GB
RACO21,380.0,0.198926176327788,52.727748112031,GB
RREW11,380.0,-2.96441654425612,54.941525567156,GB
RRWW11,380.0,-2.96441654425612,54.941525567156,GB
WDSO11,380.0,-2.88895866395436,54.032691683699,GB
WDSO12,380.0,-2.88895866395436,54.032691683699,GB
ABNE3-,380.0,-3.293750933,56.33945602,GB
ACHR3-,380.0,-5.350002441,56.02602463,GB
AIGA5-,380.0,-4.489802119,57.46759907,GB
ALNE3J,380.0,-4.27420198,57.70812973,GB
ANSU3-,380.0,-5.350002441,56.02602463,GB
ARBR3-,380.0,-2.619040477,56.56385676,GB
ARDK3K,380.0,-4.955504,56.287166,GB
ARMO3-,380.0,-6.645004363,57.55442865,GB
BEAU3-,380.0,-4.489802119,57.46759907,GB
BEIN31,380.0,-4.93670244,57.15401813,GB
BERB3-,380.0,-3.599413,57.504052,GB
BHLA31,380.0,-4.714502234,57.13662813,GB
BOAG3-,380.0,-3.723001408,57.24932862,GB
BRCW3-,380.0,-4.50095199525,56.8542473225,GB
BRID3-,380.0,-2.556550442,56.72040723,GB
BROA3-,380.0,-5.93580345,57.2479281,GB
BROR3-,380.0,-3.87470168,58.01993055,GB
BUMU3-,380.0,-3.487501081,56.39669617,GB
CAAD3-,380.0,-5.502312414,55.59026315,GB
CAAD3J,380.0,-5.502312414,55.59026315,GB
CAIN3J,380.0,-2.6578510529166666,57.360350787083334,GB
CASS3-,380.0,-4.516696903,56.54213245,GB
CEAN5-,380.0,-4.93670244,57.15401813,GB
CHAR3-,380.0,-3.044800773,56.47382646,GB
CLAC5J,380.0,-4.922002162,56.27712554,GB
CLAY3-,380.0,-2.098600116,57.14022844,GB
CLUN5J,380.0,-3.273000945,56.53812663,GB
CLUN5K,380.0,-3.273000945,56.53812663,GB
COGA3-,380.0,-3.599413,57.504052,GB
CORI3-,380.0,-4.616254,57.553719,GB
CORI3J,380.0,-4.616254,57.553719,GB
COUA3-,380.0,-3.273000945,56.53812663,GB
CRAI3-,380.0,-2.153000157,57.13112841,GB
CREA3-,380.0,-4.4558495325,57.275131439999996,GB
COUW31,380.0,-5.502312414,55.59026315,GB
CULL5-,380.0,-4.489802119,57.46759907,GB
DAAS3-,380.0,-2.9417017758333337,57.50777294416667,GB
DEAN5-,380.0,-4.489802119,57.46759907,GB
LAIR3-,380.0,-4.395002162,58.00813043,GB
DORE31,380.0,-2.932700798,57.53762947,GB
DORE32,380.0,-2.932700798,57.53762947,GB
DOUN3-,380.0,-3.753501664,58.57592179,GB
DUBE3-,380.0,-3.429801313,58.25293114,GB
DUGR3-,380.0,-6.531004176,57.42792837,GB
DUNM3-,380.0,-3.270557387916667,57.50591247208334,GB
DUNO3-,380.0,-4.940002084,55.97462457,GB
DYCE3-,380.0,-2.18100018,57.21142863,GB
EDIN3-,380.0,-6.233403813,57.337928235,GB
ELGI3-,380.0,-3.317201133,57.66232975,GB
ERRO5L,380.0,-3.6446012425000003,56.622276830000004,GB
ERRO5J,380.0,-3.6446012425,56.62227683,GB
FAAR3J,380.0,-3.6063979353194444,57.37700038868056,GB
FAAR3K,380.0,-3.4967793979583335,57.37762054604167,GB
FASN3-,380.0,-4.789402354,57.32282862,GB
FAUG3-,380.0,-4.714502234,57.13662813,GB
FERO3-,380.0,-5.21400246,56.43007894,GB
FETT3S,380.0,-2.347373,56.964638,GB
FIDD3-,380.0,-2.292000257,56.92102782,GB
FINL5-,380.0,-4.324501732,56.47542628,GB
FRAS3-,380.0,-2.023970061,57.68624988,GB
FWIL3-,380.0,-5.074302462,56.81932714,GB
GLEN5-,380.0,-4.714502234,57.13662813,GB
GLFA3-,380.0,-3.327851103,57.393479045,GB
GLKO3J,380.0,-3.6063979353194444,57.37700038868056,GB
GORW3-,380.0,-3.753501664,58.57592179,GB
GRIF36,380.0,-3.487501081,56.39669617,GB
GRIF38,380.0,-3.293750933,56.33945602,GB
GRUB3-,380.0,-4.829902473,57.61452938,GB
INGA5-,380.0,-4.894402348,56.977977635,GB
INNE3-,380.0,-4.241401893,57.45202908,GB
KIIN3-,380.0,-4.324501732,56.47542628,GB
KILO3-,380.0,-5.074302462,56.81932714,GB
KINT3-,380.0,-2.37400033,57.21292863,GB
KIOR5-,380.0,-4.489802119,57.46759907,GB
LOCH5J,380.0,-4.324501732,56.47542628,GB
LOCH5K,380.0,-4.324501732,56.47542628,GB
LUIC5J,380.0,-4.616254,57.553719,GB
LUIC5K,380.0,-4.616254,57.553719,GB
LUNA3-,380.0,-2.865000661,56.65442701,GB
LYND3-,380.0,-3.017000753,56.48108948,GB
MACD3-,380.0,-2.491000444,57.65942981,GB
MILC3-,380.0,-2.917000681,56.46862645,GB
MILS3J,380.0,-4.911077117,57.103072565,GB
MILW3-,380.0,-4.825602337,57.145323129999994,GB
MOSS5-,380.0,-4.829902473,57.61452938,GB
MYBS3J,380.0,-3.421901332,58.44493156,GB
MYBS3K,380.0,-3.421901332,58.44493156,GB
NAIR3-,380.0,-3.844501571,57.57402946,GB
NANT5-,380.0,-5.134398260125,56.302964287916666,GB
ORRI3-,380.0,-4.616254,57.553719,GB
ORRI5-,380.0,-4.616254,57.553719,GB
PEHS5-,380.0,-1.784285868,57.50789843,GB
PEHG3-,380.0,-1.784124868,57.50456142,GB
PERS3-,380.0,-2.138400147,57.17412853,GB
PORA3-,380.0,-5.350002441,56.02602463,GB
QUOI5-,380.0,-5.107652,57.069517,GB
RANN3Q,380.0,-4.398701845,56.69022691,GB
REDM3-,380.0,-2.09160011,57.10842835,GB
ROTI3-,380.0,-2.37400033,57.21292863,GB
SFEG5-,380.0,-1.841299912,57.57877961,GB
SFEM5J,380.0,-1.8908032865,57.573193595,GB
SFEM5K,380.0,-1.8908032865,57.573193595,GB
SFIL5-,380.0,-4.06534752,56.43459221,GB
SHIN3-,380.0,-4.404002154,57.93823027,GB
SHIN5-,380.0,-4.404002154,57.93823027,GB
SLOY5L,380.0,-4.704001974,56.2464255,GB
SLOY5M,380.0,-4.704001974,56.2464255,GB
SLOY5N,380.0,-4.704001974,56.2464255,GB
SLOY5P,380.0,-4.704001974,56.2464255,GB
STRB3W,380.0,-3.9597462348611114,58.24065182333334,GB
STRI3-,380.0,-2.070000098,57.58622963,GB
STRL3P,380.0,-4.714502234,57.13662813,GB
STRL3Q,380.0,-4.714502234,57.13662813,GB
STRL3R,380.0,-4.714502234,57.13662813,GB
STRW31,380.0,-3.753501664,58.57592179,GB
TARL3-,380.0,-2.788000647,57.15152845,GB
TAYN3-,380.0,-5.21400246,56.43007894,GB
THUS3-,380.0,-3.753501664,58.57592179,GB
TUMB5-,380.0,-4.01620154,56.70642703,GB
WIOW3-,380.0,-2.097100115,57.15382848,GB
WOHI3-,380.0,-2.146300153,57.15422848,GB
AREC3A,380.0,-4.429001551,55.44712294,GB
AREC3B,380.0,-4.429001551,55.44712294,GB
AYR-3-,380.0,-4.4425015775,55.51337316,GB
BAGA3-,380.0,-3.673881129,55.90042458,GB
BAIN3-,380.0,-3.767711215,56.01383993,GB
BERW3-,380.0,-2.078700087,55.77742429,GB
BLAH3A,380.0,-4.429001551,55.44712294,GB
BLAH3B,380.0,-4.429001551,55.44712294,GB
BLKL3A,380.0,-3.928794278,55.76416809,GB
BLKL3B,380.0,-3.928794278,55.76416809,GB
BLLX3-,380.0,-4.256810541,55.90309249,GB
BONN3-,380.0,-3.860301279,56.0071049,GB
BRAP3-,380.0,-4.381001627,55.88072439,GB
BROX3-,380.0,-3.453400982,55.91932467,GB
CAFA5R,380.0,-4.189291315,55.14350194,GB
CATY3-,380.0,-4.196611487,55.85698435,GB
CHAP3-,380.0,-3.221100707,55.01352163,GB
CHAS3C,380.0,-4.239011517,55.85505434,GB
CHAS3A,380.0,-4.239011517,55.85505434,GB
CLYM3A,380.0,-4.1492781,55.822417,GB
CLYM3B,380.0,-4.1492781,55.822417,GB
CLYN3A,380.0,-4.139071100333334,55.80278018333333,GB
CLYN3B,380.0,-4.139071100333334,55.80278018333333,GB
CLYN3C,380.0,-4.139071100333334,55.80278018333333,GB
CLYN3D,380.0,-4.139071100333334,55.80278018333333,GB
CLYS3A,380.0,-4.139071100333334,55.80278018333333,GB
COAT3-,380.0,-4.013441355,55.85144437,GB
COCK3-,380.0,-2.967000664,55.96662487,GB
COYL3-,380.0,-4.429001551,55.44712294,GB
CROO3J,380.0,-4.4368016575,55.839324245,GB
CROO3K,380.0,-4.4368016575,55.839324245,GB
CRYR31,380.0,-2.911867285333333,55.69629063,GB
CRYR32,380.0,-2.911867285333333,55.69629063,GB
CUMB3-,380.0,-3.96379534,55.94697769,GB
CUPA3-,380.0,-3.035000748,56.31422597,GB
CURR5-,380.0,-3.308700882,55.90222463,GB
DALM3-,380.0,-4.20354,55.835349,GB
DESA3-,380.0,-4.429001551,55.44712294,GB
DEVM3-,380.0,-4.676817863,55.92738048,GB
DEVO3-,380.0,-3.779201246,56.13732532,GB
DEWP3-,380.0,-3.209000822,55.94719479,GB
DRCR3-,380.0,-3.587601071,55.90647761,GB
DRUM3-,380.0,-4.348901612,55.91572452,GB
DUMF3A,380.0,-3.6235509275,54.934021295,GB
DUMF3B,380.0,-3.6235509275,54.934021295,GB
DUMF3I,380.0,-3.6235509275,54.934021295,GB
DUNB3A,380.0,-2.572700408,55.97660493,GB
DUNB3B,380.0,-2.572700408,55.97660493,GB
DUNF3-,380.0,-3.448901005,56.08955522,GB
DUNH3-,380.0,-4.429001551,55.44712294,GB
EAST5-,380.0,-4.169301294,55.11022183,GB
ECCL3-,380.0,-2.327700238,55.66812393,GB
EERH3-,380.0,-4.073001403,55.87860445,GB
EKIL3-,380.0,-4.191601466,55.78492412,GB
EKIS3A,380.0,-4.161101434,55.73952397,GB
EKIS3B,380.0,-4.161101434,55.73952397,GB
ELDE3-,380.0,-4.462901677,55.83952424,GB
ERSK3-,380.0,-4.481001707,55.90362445,GB
FALL3A,380.0,-3.4203307816666664,55.730229359999996,GB
FALL3B,380.0,-3.4203307816666664,55.730229359999996,GB
FINN3-,380.0,-4.286086,55.863398,GB
GALA3-,380.0,-2.766500503,55.60782371,GB
GAWH3-,380.0,-4.256810541,55.90309249,GB
GIFF3A,380.0,-4.297701545,55.79802414,GB
GIFF3B,380.0,-4.297701545,55.79802414,GB
GLLE5-,380.0,-4.181001299,55.09722178,GB
GLLU3-,380.0,-4.798001647,54.87662088,GB
GLNI3-,380.0,-3.267100883,56.1084253,GB
GLRO3A,380.0,-3.196300847,56.20402561,GB
GLRO3B,380.0,-3.196300847,56.20402561,GB
GORG3-,380.0,-3.234800837,55.93502474,GB
GOVA3-,380.0,-4.314201571,55.85352432,GB
BPGR3J,380.0,-3.308700882,55.90222463,GB
BPGR3K,380.0,-3.308700882,55.90222463,GB
HADH3-,380.0,-4.677001696,55.33702251,GB
HAGR3-,380.0,-4.296476552,55.83002425,GB
HARE3A,380.0,-4.139071100333334,55.80278018333333,GB
HARE3B,380.0,-4.139071100333334,55.80278018333333,GB
HAWI3-,380.0,-2.791000502,55.4282231,GB
HELE3-,380.0,-4.701001908,56.01992478,GB
HUNF3-,380.0,-4.817151912,55.723423785,GB
INKE3-,380.0,-3.389520957,56.04217507,GB
JOHN3-,380.0,-4.504101709,55.84432425,GB
KEOO5-,380.0,-4.180501313,55.16082201,GB
KIER3-,380.0,-4.30990158,55.90332448,GB
KILB3-,380.0,-4.44687418095679,56.03674265981482,GB
KILB5-,380.0,-4.44687418095679,56.03674265981482,GB
KILG3A,380.0,-4.429001551,55.44712294,GB
KILG3B,380.0,-4.429001551,55.44712294,GB
KILG3C,380.0,-4.429001551,55.44712294,GB
KILS3-,380.0,-4.456001604,55.57962338,GB
KILT3-,380.0,-4.48700163,55.59312342,GB
KILW3-,380.0,-4.678101789,55.66402362,GB
KYPE3-,380.0,-4.256810541,55.90309249,GB
LEVE3-,380.0,-2.99720071,56.20782564,GB
LING3-,380.0,-3.506793016,55.90742562,GB
LINM3-,380.0,-4.256810541,55.90309249,GB
MAYB3-,380.0,-4.677001696,55.33702251,GB
KENE3-,380.0,-4.256810541,55.90309249,GB
MIDM3-,380.0,-4.256810541,55.90309249,GB
MOSH5J,380.0,-3.4287541848333336,56.087754077499994,GB
MOSH5K,380.0,-3.4287541848333336,56.087754077499994,GB
MOSM3Q,380.0,-3.4287541848333336,56.087754077499994,GB
MOSM3R,380.0,-3.4287541848333336,56.087754077499994,GB
NEAR3-,380.0,-3.936001294,55.82132428,GB
NETS3-,380.0,-4.491001462,54.9484212,GB
PAIS3-,380.0,-4.410701638,55.83912425,GB
PART3-,380.0,-4.316101576,55.86952437,GB
POOB3-,380.0,-3.122500765,55.95232481,GB
PORD3-,380.0,-4.253801532,55.87312439,GB
REDH3-,380.0,-3.148000806,56.14532543,GB
SACO3J,380.0,-4.817151912,55.723423785,GB
SACO3K,380.0,-4.817151912,55.723423785,GB
SANX3-,380.0,-2.795897584,56.34068707,GB
SHRU3A,380.0,-3.184900808,55.96532485,GB
SHRU3B,380.0,-3.184900808,55.96532485,GB
SIGH3A,380.0,-3.30000088,55.92572471,GB
SPAV3-,380.0,-4.81130197,55.93552448,GB
STHA3-,380.0,-4.08020138,55.75262403,GB
STIR3-,380.0,-3.91460134,56.11572524,GB
STLE3S,380.0,-4.576101791,55.94692457,GB
TELR3-,380.0,-3.241300845,55.96152483,GB
TONG1R,380.0,-4.026001148,54.85452096,GB
TONG3-,380.0,-4.026001148,54.85452096,GB
TONG5-,380.0,-4.026001148,54.85452096,GB
AIKE3A,380.0,-2.911867285333333,55.69629063,GB
AIKE3B,380.0,-2.911867285333333,55.69629063,GB
WFIE3-,380.0,-3.29590091,56.16282547,GB
WGEO3-,380.0,-4.264101537,55.86262436,GB
WHHO3-,380.0,-3.199400813,55.93022473,GB
WHTL3-,380.0,-4.822002029,56.110525035,GB
WISH3-,380.0,-3.928794278,55.76416809,GB
WISH3S,380.0,-3.928794278,55.76416809,GB
WISH3T,380.0,-3.928794278,55.76416809,GB
WLEE3A,380.0,-4.161101434,55.73952397,GB
WLEE3B,380.0,-4.161101434,55.73952397,GB
WLEE3C,380.0,-4.161101434,55.73952397,GB
WLEX3A,380.0,-4.161101434,55.73952397,GB
WLEX3B,380.0,-4.161101434,55.73952397,GB
WLEX3C,380.0,-4.161101434,55.73952397,GB
ABHA11,380.0,-3.72948869102531,50.4715586455625,GB
ABHA12,380.0,-3.72948869102531,50.4715586455625,GB
ABTH11,380.0,-3.40331839781902,51.3852095906496,GB
ABTH12,380.0,-3.40331839781902,51.3852095906496,GB
ABTH13,380.0,-3.40331839781902,51.3852095906496,GB
ALDW31,380.0,-1.37847431163734,53.5018661692682,GB
ALDW32,380.0,-1.37847431163734,53.5018661692682,GB
ALVE11,380.0,-4.13745511885055,51.0056911264244,GB
AMEM11,380.0,-0.655116208476585,51.6642494188948,GB
AXMI11,380.0,-2.92440753821947,50.7870700932772,GB
BARK11,380.0,0.113163451807943,51.5181549079292,GB
BARW31,380.0,0.113163451807943,51.5181549079292,GB
BARW32,380.0,0.113163451807943,51.5181549079292,GB
BEDD11,380.0,-0.12918,51.37403,GB
BEDD12,380.0,-0.12918,51.37403,GB
BEDT1A,380.0,-0.12918,51.37403,GB
BEDT1B,380.0,-0.12918,51.37403,GB
BESW11,380.0,-1.61394501233134,52.3866349528541,GB
BESW12,380.0,-1.61394501233134,52.3866349528541,GB
BICF11,380.0,-0.221163845812817,52.9308003795624,GB
BIRK11,380.0,-3.0612959206555,53.3659053724535,GB
BISW11,380.0,-2.24273544836671,52.3124968916547,GB
BLYT1A,380.0,-1.53071263313482,55.1411409076686,GB
BLYT1B,380.0,-1.53071263313482,55.1411409076686,GB
BLYT61,380.0,-1.53071263313482,55.1411409076686,GB
SASA11,380.0,-3.469149,53.256682,GB
BOLN11,380.0,-0.236485756654133,50.9743730653955,GB
BOLN12,380.0,-0.236485756654133,50.9743730653955,GB
BOTW11,380.0,-1.23300343873876,50.8849719588107,GB
BRAI11,380.0,0.576043299992722,51.8653634926497,GB
BRAW11,380.0,-1.86698606768366,53.8100997231477,GB
BRAW12,380.0,-1.86698606768366,53.8100997231477,GB
BRED11,380.0,-2.13127571963909,53.4152317706168,GB
BRFO11,380.0,1.06282257339503,52.0701818656623,GB
BRFO12,380.0,1.06282257339503,52.0701818656623,GB
BRIM11,380.0,-0.024884614353775,51.663503834951,GB
BRLE11,380.0,-1.07695,51.33545,GB
BRLE12,380.0,-1.07695,51.33545,GB
BRLE13,380.0,-1.07695,51.33545,GB
BRLE14,380.0,-1.07695,51.33545,GB
BRLE1A,380.0,-1.07695,51.33545,GB
BRLE1B,380.0,-1.07695,51.33545,GB
BRWA11,380.0,-2.96883946408321,51.1173159580318,GB
BURW11,380.0,0.1578572657941455,52.33144325702,GB
BUSH11,380.0,-2.11475527869779,52.6362239154643,GB
BUST11,380.0,-1.96402347986634,52.5529511664086,GB
CANT13,380.0,1.09417611705541,51.2923351864808,GB
CANT14,380.0,1.09417611705541,51.2923351864808,GB
CAPE11,380.0,-2.948,53.26621,GB
CARE11,380.0,-3.14472790611406,51.4954720269519,GB
CARR11,380.0,-2.40035,53.43491,GB
CARR12,380.0,-2.40035,53.43491,GB
CELL11,380.0,-2.08575900076441,53.0411425558535,GB
CELL12,380.0,-2.08575900076441,53.0411425558535,GB
CHIC11,380.0,-2.48926122391755,50.6243722004971,GB
CHSI11,380.0,-0.323348759414773,51.3434259186979,GB
CHSI1A,380.0,-0.323348759414773,51.3434259186979,GB
CHSI1B,380.0,-0.323348759414773,51.3434259186979,GB
CHTE11,380.0,-1.38748596330213,53.2242824894695,GB
CHTE12,380.0,-1.38748596330213,53.2242824894695,GB
CITR11,380.0,-0.0958,51.53069,GB
CITR12,380.0,-0.0958,51.53069,GB
CONQ11,380.0,-3.07266269828474,53.227549494603,GB
CONQ12,380.0,-3.07266269828474,53.227549494603,GB
CONQ13,380.0,-3.07266269828474,53.227549494603,GB
COVE11,380.0,-1.46395748180888,52.4555290226171,GB
COVE12,380.0,-1.46395748180888,52.4555290226171,GB
COWL11,380.0,-1.19091,51.71035,GB
COWL12,380.0,-1.19091,51.71035,GB
CREB11,380.0,-0.41449140040276,53.8009731046268,GB
CREB12,380.0,-0.41449140040276,53.8009731046268,GB
CREB21,380.0,-0.41449140040276,53.8009731046268,GB
CREB22,380.0,-0.41449140040276,53.8009731046268,GB
MILP31,380.0,-1.152923333333333,51.58538333333333,GB
DRAK11,380.0,-1.64946033250986,52.7732043331199,GB
DRAX11,380.0,-0.99256706174979,53.7324778323588,GB
CAML61,380.0,-0.99256706174979,53.7324778323588,GB
DUNG21,380.0,0.8015363940720693,51.03101344557464,GB
EALI61,380.0,-0.296757437853786,51.501600702978,GB
EASO12,380.0,-0.302532899162645,52.2149399443026,GB
LITB11,380.0,-0.302532899162645,52.2149399443026,GB
EASO11,380.0,-0.302532899162645,52.2149399443026,GB
ECLA11,380.0,-0.908263577653388,51.9271724776488,GB
ECLA12,380.0,-0.908263577653388,51.9271724776488,GB
ELLA11,380.0,-1.82261033083055,53.6949230473926,GB
ELLA12,380.0,-1.82261033083055,53.6949230473926,GB
ELST13,380.0,-0.342297996455706,51.6600050009823,GB
ELST11,380.0,-0.342297996455706,51.6600050009823,GB
ENDE11,380.0,-1.21483539962638,52.5980566804249,GB
EXET11,380.0,-3.40593577275381,50.7665385326492,GB
FAWL11,380.0,-1.32973298940659,50.8210206177928,GB
FECK61,380.0,-1.97214992680696,52.2524122249713,GB
FERR11,380.0,-1.27258,53.7201,GB
FERR61,380.0,-1.27258,53.7201,GB
FIDF11,380.0,-2.68833,53.37157,GB
FIDF12,380.0,-2.68833,53.37157,GB
FLEE11,380.0,-0.881029269702429,51.2502357571882,GB
FLEE12,380.0,-0.881029269702429,51.2502357571882,GB
FOUR31,380.0,-2.16339,55.01232,GB
FOUR71,380.0,-2.16339,55.01232,GB
FROD11,380.0,-2.71734,53.30938,GB
WEAV71,380.0,-2.71734,53.30938,GB
GRAI11,380.0,0.5761558923698223,51.416129306436694,GB
GREN11,380.0,-0.725684495076799,52.2433640362543,GB
GREN12,380.0,-0.725684495076799,52.2433640362543,GB
GRIW11,380.0,-0.150760430005027,53.5659634903498,GB
GRIW12,380.0,-0.150760430005027,53.5659634903498,GB
HACK61,380.0,-0.040783844142258,51.5594639054811,GB
HACK11,380.0,-0.040783844142258,51.5594639054811,GB
HARK11,380.0,-2.96441654425612,54.941525567156,GB
HARK12,380.0,-2.96441654425612,54.941525567156,GB
HARM61,380.0,-1.29057983701158,54.701236464016,GB
HAWP61,380.0,-1.40160649259598,54.8062517941345,GB
HEYS11,380.0,-2.88895866395436,54.032691683699,GB
ISLI11,380.0,-0.113443,51.561381,GB
HURS1B,380.0,0.15361,51.43577,GB
HURS1C,380.0,0.15361,51.43577,GB
HURS1D,380.0,0.15361,51.43577,GB
HUTT11,380.0,-2.67214957404209,54.29781087216,GB
HUTT71,380.0,-2.67214957404209,54.29781087216,GB
INDQ11,380.0,-4.90081118840645,50.3948954616802,GB
IRON11,380.0,-2.50997058101463,52.6324841883131,GB
IRON12,380.0,-2.50997058101463,52.6324841883131,GB
IRON13,380.0,-2.50997058101463,52.6324841883131,GB
IVER11,380.0,-0.497640556057333,51.5418358172316,GB
IVER61,380.0,-0.497640556057333,51.5418358172316,GB
JORD31,380.0,-1.45341,53.33006,GB
KEAD11,380.0,-0.75792,53.59722,GB
KEAR11,380.0,-2.35903,53.53816,GB
KEAR31,380.0,-2.35903,53.53816,GB
KEMS11,380.0,0.740639339817038,51.3672893601945,GB
SHEE11,380.0,0.740639339817038,51.3672893601945,GB
KIBY11,380.0,-2.84947513837139,53.4693383312189,GB
KINO11,380.0,0.596217440623096,51.420019770669,GB
KIRK11,380.0,-1.59684,53.80583,GB
KITW11,380.0,-2.01322482910249,52.4312757454766,GB
KNAR11,380.0,-1.48784376583142,54.0312106279307,GB
GRTO61,380.0,-1.13339074287996,54.5676700530259,GB
LACK61,380.0,-1.13339074287996,54.5676700530259,GB
LALE11,380.0,-0.469384552311846,51.4244413356603,GB
LAND11,380.0,-4.2420626915012,50.4442795101067,GB
LEGA11,380.0,-3.05203571173178,53.0288714323859,GB
LISD11,380.0,-2.92383,53.41942,GB
LITT11,380.0,0.244394453575423,51.4606206140159,GB
LOVE11,380.0,-1.04022630123011,50.9162156798626,GB
LOVE12,380.0,-1.04022630123011,50.9162156798626,GB
MACC31,380.0,-2.12055,53.26858,GB
GRAN61,380.0,-3.75406374327436,51.560015258165,GB
MANN11,380.0,-1.89484,50.84717,GB
MELK11,380.0,-2.15038347717227,51.3918146478679,GB
MILH11,380.0,-0.209537732548296,51.618032705311,GB
MILH12,380.0,-0.209537732548296,51.618032705311,GB
MITY11,380.0,-2.00123389193729,51.6074840351973,GB
MITY12,380.0,-2.00123389193729,51.6074840351973,GB
NECH11,380.0,-1.71224211995359,52.5123803728764,GB
NECH12,380.0,-1.71224211995359,52.5123803728764,GB
NEEP31,380.0,-1.48924,53.40605,GB
NEWX11,380.0,-0.06132,51.48381,GB
NEWX61,380.0,-0.06132,51.48381,GB
NEWX62,380.0,-0.06132,51.48381,GB
NFLE11,380.0,0.329731638585024,51.4279521848808,GB
NFLE12,380.0,0.329731638585024,51.4279521848808,GB
NHYD61,380.0,-0.411422633225696,51.4992286928277,GB
NINF11,380.0,0.449501810120066,50.8806946874265,GB
NINF12,380.0,0.449501810120066,50.8806946874265,GB
NORL31,380.0,-1.46993,53.34987,GB
NORM1A,380.0,1.27176,52.57327,GB
NORM1B,380.0,1.27176,52.57327,GB
NORT11,380.0,-1.36280152878165,54.592156341117,GB
NURS11,380.0,-1.48793889247888,50.9408931600839,GB
OCKH11,380.0,-2.03311304612385,52.541005849112,GB
OFFE31,380.0,-1.45761,54.88123,GB
OFFE32,380.0,-1.45761,54.88123,GB
OLDB11,380.0,-2.02234972360764,52.4985485476369,GB
OSBA11,380.0,-1.02433922600574,53.9564234707772,GB
PADI11,380.0,-2.32743655937942,53.7945268736165,GB
PELH11,380.0,0.116788355260503,51.935138402009,GB
PELH12,380.0,0.116788355260503,51.935138402009,GB
PEMB11,380.0,-4.9872516447336,51.6821646249541,GB
PENN11,380.0,-2.20834478890739,52.5564841306026,GB
PENT11,380.0,-4.15956411923555,53.187012418508,GB
PENW11,380.0,-2.75511,53.74431,GB
PENE11,380.0,-2.75511,53.74431,GB
PITS31,380.0,-1.4463,53.39975,GB
PITS32,380.0,-1.4463,53.39975,GB
POPP31,380.0,-1.13288,53.97442,GB
PYLE11,380.0,-3.68769404609431,51.5358222032209,GB
RAIN11,380.0,-2.73775936001295,53.4210645907246,GB
RAIN12,380.0,-2.73775936001295,53.4210645907246,GB
RASS11,380.0,-3.22573232493373,51.8086886237788,GB
RATS11,380.0,-1.25270485764889,52.8632993254963,GB
RATS12,380.0,-1.25270485764889,52.8632993254963,GB
RAYM11,380.0,0.568515445016987,51.5936418505589,GB
REBR32,380.0,0.04405,51.58924,GB
REBR31,380.0,0.04405,51.58924,GB
RICH11,380.0,1.3459,51.30873,GB
ROCH11,380.0,-2.21546102094549,53.6216716337268,GB
ROCH12,380.0,-2.21546102094549,53.6216716337268,GB
ROCK1A,380.0,-2.71734,53.30938,GB
RUGE11,380.0,-1.91262533505471,52.753784183321,GB
RYEH13,380.0,0.003460778012639,51.7581482690426,GB
RYEH12,380.0,0.003460778012639,51.7581482690426,GB
RYEH11,380.0,0.003460778012639,51.7581482690426,GB
SAEN11,380.0,-0.41449140040276,53.8009731046268,GB
SALH11,380.0,-1.23828,54.60697,GB
SEAB11,380.0,-2.67048621544359,51.5362862580935,GB
SELL11,380.0,0.977553686048071,51.1061728246487,GB
SELL12,380.0,0.977553686048071,51.1061728246487,GB
SELL13,380.0,0.977553686048071,51.1061728246487,GB
SHEC31,380.0,-1.47706,53.37526,GB
SHRE11,380.0,-2.7810031463732052,52.8306778103495,GB
LODR61,380.0,-0.170525490532858,51.5284427641569,GB
SJOW13,380.0,-0.171751570415474,51.5271004703347,GB
LODR62,380.0,-0.170525490532858,51.5284427641569,GB
SJOW11,380.0,-0.171751570415474,51.5271004703347,GB
SJOW12,380.0,-0.171751570415474,51.5271004703347,GB
SKLG11,380.0,-1.49645,53.77561,GB
SMAN11,380.0,-2.27511590700325,53.422068132722,GB
SMAN12,380.0,-2.27511590700325,53.422068132722,GB
SPEN11,380.0,-1.55440830707092,54.7048395441197,GB
SSHI31,380.0,-1.45010039106732,54.9732947167932,GB
STAH11,380.0,-2.98977420779373,53.8796620058011,GB
STAL11,380.0,-2.04367,53.4922,GB
STYC11,380.0,-0.868966579065533,53.0774806145883,GB
STYC12,380.0,-0.868966579065533,53.0774806145883,GB
STOB11,380.0,-1.1599056116370958,53.1003870131443,GB
SUND11,380.0,-0.501574698721291,51.9332783047422,GB
SUND31,380.0,-0.501574698721291,51.9332783047422,GB
SWAN11,380.0,-3.96097250700145,51.6827182596444,GB
SWAN12,380.0,-3.96097250700145,51.6827182596444,GB
TAUN11,380.0,-3.15281345742416,51.0168866155191,GB
TEMP31,380.0,-1.38499,53.41208,GB
THOM61,380.0,-1.08704167047602,53.5791863876057,GB
THUR61,380.0,-1.26659030986776,53.4048473094853,GB
TILB11,380.0,0.391610896669333,51.4610787884466,GB
TILB12,380.0,0.391610896669333,51.4610787884466,GB
TILB13,380.0,0.391610896669333,51.4610787884466,GB
TILB14,380.0,0.391610896669333,51.4610787884466,GB
TINP31,380.0,-1.327038136584945,53.3145648994774,GB
TINP32,380.0,-1.327038136584945,53.3145648994774,GB
TODP61,380.0,-1.2419994589399748,54.66564983389422,GB
TOTT11,380.0,-0.048684300656886,51.60378016084,GB
TOTT12,380.0,-0.048684300656886,51.60378016084,GB
TRAW11,380.0,-3.95062815699155,52.9289282044496,GB
TREM31,380.0,-3.189429168525605,51.466948520376505,GB
TYNE11,380.0,-1.49928856178968,55.0238096698133,GB
TYNE51,380.0,-1.49928856178968,55.0238096698133,GB
UPPB31,380.0,-3.29750970294396,51.5751741445981,GB
UPPB11,380.0,-3.29750970294396,51.5751741445981,GB
ALST31,380.0,-2.97553993923219,51.5486874501034,GB
ALST32,380.0,-2.97553993923219,51.5486874501034,GB
PORH11,380.0,-2.26620591073413,51.871634667016,GB
WALP11,380.0,0.198926176327788,52.727748112031,GB
WARL11,380.0,0.30064,51.55302,GB
WASF1A,380.0,-2.81975,53.5622,GB
WASF1B,380.0,-2.81975,53.5622,GB
WATS11,380.0,-0.4199692762565195,51.60092040910695,GB
WATS12,380.0,-0.4199692762565195,51.60092040910695,GB
WBOL61,380.0,-1.4719663703924,54.9400602008997,GB
WBUR11,380.0,-0.807174594665659,53.3603845021072,GB
WBUR12,380.0,-0.807174594665659,53.3603845021072,GB
WHAM11,380.0,0.001843447146194,51.5195888903978,GB
WHAM12,380.0,0.001843447146194,51.5195888903978,GB
WHGA11,380.0,-2.16354293202393,53.5296017617988,GB
WHSO31,380.0,-2.97553993923219,51.5486874501034,GB
WHSO32,380.0,-2.97553993923219,51.5486874501034,GB
WIBA31,380.0,-1.41769,53.41332,GB
WIEN11,380.0,-2.05975752987289,52.5767882220383,GB
WILL11,380.0,-1.54878083999664,52.8561201062848,GB
WILL12,380.0,-1.54878083999664,52.8561201062848,GB
GRST61,380.0,-1.13339074287996,54.5676700530259,GB
WIMB11,380.0,-0.188030020090066,51.4309966455444,GB
WIMB12,380.0,-0.188030020090066,51.4309966455444,GB
WISD11,380.0,-0.25715122753812,51.5346109023268,GB
WISD61,380.0,-0.25715122753812,51.5346109023268,GB
WMEL11,380.0,-1.37847431163734,53.5018661692682,GB
WMEL12,380.0,-1.37847431163734,53.5018661692682,GB
WTHU31,380.0,0.28938,51.4723,GB
WWEY11,380.0,-0.489078811134267,51.3480470900257,GB
WWEY12,380.0,-0.489078811134267,51.3480470900257,GB
WYMO11,380.0,-0.25037,51.9285,GB
BOSW31,380.0,-2.88895866395436,54.032691683699,GB
BEIW31,380.0,-2.950702753666667,57.477916418333336,GB
BEIW32,380.0,-2.950702753666667,57.477916418333336,GB
BBWW31,380.0,-3.469149,53.256682,GB
BBWW32,380.0,-3.469149,53.256682,GB
DUDW31,380.0,0.735343088163894,52.6505090560155,GB
DUDW32,380.0,0.735343088163894,52.6505090560155,GB
EAAW61,380.0,1.06282257339503,52.0701818656623,GB
EAAW63,380.0,1.06282257339503,52.0701818656623,GB
EAAW62,380.0,1.06282257339503,52.0701818656623,GB
EAAW64,380.0,1.06282257339503,52.0701818656623,GB
SGRO23,380.0,-2.57291862675,56.8986302175,GB
SGRW61,380.0,-2.57291862675,56.8986302175,GB
SGRW62,380.0,-2.57291862675,56.8986302175,GB
GANW31,380.0,1.06282257339503,52.0701818656623,GB
GANW33,380.0,1.06282257339503,52.0701818656623,GB
GANW32,380.0,1.06282257339503,52.0701818656623,GB
GANW34,380.0,1.06282257339503,52.0701818656623,GB
GREG3A,380.0,1.06282257339503,52.0701818656623,GB
GREG3B,380.0,1.06282257339503,52.0701818656623,GB
GREG31,380.0,1.06282257339503,52.0701818656623,GB
GREG32,380.0,1.06282257339503,52.0701818656623,GB
GREG33,380.0,1.06282257339503,52.0701818656623,GB
GREG34,380.0,1.06282257339503,52.0701818656623,GB
GREG35,380.0,1.06282257339503,52.0701818656623,GB
GREG36,380.0,1.06282257339503,52.0701818656623,GB
GUNS31,380.0,1.06282257339503,52.0701818656623,GB
GUNS32,380.0,1.06282257339503,52.0701818656623,GB
GWAW31,380.0,-3.469149,53.256682,GB
GWAW32,380.0,-3.469149,53.256682,GB
GWBW31,380.0,-3.469149,53.256682,GB
GWBW32,380.0,-3.469149,53.256682,GB
HOWW3A,380.0,-0.6434438001342534,53.66513770154227,GB
HOWW3B,380.0,-0.6434438001342534,53.66513770154227,GB
HOWW3C,380.0,-0.6434438001342534,53.66513770154227,GB
HOWW6D,380.0,-0.6434438001342534,53.66513770154227,GB
HUMW31,380.0,-0.41449140040276,53.8009731046268,GB
HUMW32,380.0,-0.41449140040276,53.8009731046268,GB
LINS31,380.0,0.198926176327788,52.727748112031,GB
LINS32,380.0,0.198926176327788,52.727748112031,GB
LOAW31,380.0,0.9174077284362241,51.32981227333765,GB
LOAW32,380.0,0.9174077284362241,51.32981227333765,GB
LOYW31,380.0,0.9174077284362241,51.32981227333765,GB
LOAW34,380.0,0.9174077284362241,51.32981227333765,GB
MOWE61,380.0,-2.2286314167000003,57.22797643933333,GB
MOWE62,380.0,-2.2286314167000003,57.22797643933333,GB
MOWE63,380.0,-2.2286314167000003,57.22797643933333,GB
ORMW31,380.0,-2.88895866395436,54.032691683699,GB
ORMW32,380.0,-2.88895866395436,54.032691683699,GB
ORMO31,380.0,-2.88895866395436,54.032691683699,GB
RACW31,380.0,0.198926176327788,52.727748112031,GB
RACW32,380.0,0.198926176327788,52.727748112031,GB
RACW33,380.0,0.198926176327788,52.727748112031,GB
RACW34,380.0,0.198926176327788,52.727748112031,GB
RAMW3A,380.0,-0.236485756654133,50.9743730653955,GB
RAMW3B,380.0,-0.236485756654133,50.9743730653955,GB
RORE31,380.0,-2.96441654425612,54.941525567156,GB
RORW31,380.0,-2.96441654425612,54.941525567156,GB
SSAW31,380.0,1.27176,52.57327,GB
SSAW32,380.0,1.27176,52.57327,GB
SSBW31,380.0,1.27176,52.57327,GB
SSBW32,380.0,1.27176,52.57327,GB
THOW31,380.0,1.3459,51.30873,GB
THOW33,380.0,1.3459,51.30873,GB
THOW32,380.0,1.3459,51.30873,GB
THOW34,380.0,1.3459,51.30873,GB
TKNW61,380.0,-0.221163845812817,52.9308003795624,GB
TKNE61,380.0,-0.221163845812817,52.9308003795624,GB
WAAW31,380.0,-2.88895866395436,54.032691683699,GB
WAAW32,380.0,-2.88895866395436,54.032691683699,GB
WABW31,380.0,-2.98977420779373,53.8796620058011,GB
WABW32,380.0,-2.98977420779373,53.8796620058011,GB
WACW31,380.0,-2.88895866395436,54.032691683699,GB
WACW32,380.0,-2.88895866395436,54.032691683699,GB
WADW31,380.0,-2.88895866395436,54.032691683699,GB
WADW32,380.0,-2.88895866395436,54.032691683699,GB
WDSW31,380.0,-2.88895866395436,54.032691683699,GB
WDSW32,380.0,-2.88895866395436,54.032691683699,GB
WERW31,380.0,-0.41449140040276,53.8009731046268,GB
WERW32,380.0,-0.41449140040276,53.8009731046268,GB
LONO41,380.0,0.9174077284362241,51.32981227333765,GB
LONO42,380.0,0.9174077284362241,51.32981227333765,GB
BODE42,380.0,-3.469149,53.256682,GB
