name,bus,p_set
ABBA1-,ABBA1-,2.576386883399379
ABHA11,ABHA11,41.665470434520664
ABHA12,ABHA12,41.665470434520664
ABNE3-,ABNE3-,9.795144979531296
ABTH11,ABTH11,24.52400781428323
ABTH12,ABTH12,12.262003907141615
ABTH13,ABTH13,12.262003907141615
ACHR3-,ACHR3-,4.296098656003424
AIGA5-,AIGA5-,2.503424004201009
AIKE3A,AIKE3A,5.518421497245447
AIKE3B,AIKE3B,2.7592107486227233
ALDW31,ALDW31,86.11507674301738
ALDW32,ALDW32,43.05753837150869
ALNE3J,ALNE3J,7.82858066615419
ALST31,ALST31,22.56606336632741
ALST32,ALST32,11.283031683163705
ALVE11,ALVE11,55.67542596891629
AMEM11,AMEM11,61.638891678998775
AMUL1E,AMUL1E,3.5512669781043207
AMUL1F,AMUL1F,3.5512669781043207
AMUL1G,AMUL1G,3.2650483265104318
AMUL1H,AMUL1H,3.2650483265104318
ANSU3-,ANSU3-,4.296098656003424
ARBR3-,ARBR3-,8.422472992544856
ARDK3K,ARDK3K,0.4842460146475085
AREC3-,AREC3-,8.058029455321902
AREC3A,AREC3A,4.029014727660951
AREC3B,AREC3B,4.029014727660951
ARMO3-,ARMO3-,5.456295491522463
AUCH2-,AUCH2-,4.029014727660951
AUCW1-,AUCW1-,1.7603408557749027
AXMI11,AXMI11,29.70796627671434
AYR-3-,AYR-3-,10.161239533703716
BAGA3-,BAGA3-,10.687864728059191
BAGB21,BAGB21,49.27506635386182
BAIN3-,BAIN3-,8.799132164743558
BARK11,BARK11,62.56983157891516
BARW31,BARW31,15.64245789472879
BARW32,BARW32,15.64245789472879
BBWO21,BBWO21,24.20009160100938
BBWW31,BBWW31,24.20009160100938
BBWW32,BBWW32,12.10004580050469
BEAT21,BEAT21,1.6952926408085622
BEAT22,BEAT22,0.8476463204042811
BEAT4-,BEAT4-,0.8476463204042811
BEAT4A,BEAT4A,0.8476463204042811
BEAU1J,BEAU1J,1.2517120021005046
BEAU1L,BEAU1L,1.2517120021005046
BEAU1M,BEAU1M,1.2517120021005046
BEAU1N,BEAU1N,1.2517120021005046
BEAU1P,BEAU1P,3.755136006301514
BEAU1Q,BEAU1Q,3.755136006301514
BEAU1R,BEAU1R,1.2517120021005046
BEAU1S,BEAU1S,1.2517120021005046
BEAU1T,BEAU1T,1.2517120021005046
BEAU3-,BEAU3-,1.2517120021005046
BEDD11,BEDD11,180.5874007580871
BEDD12,BEDD12,72.23496030323484
BEDT1A,BEDT1A,36.11748015161742
BEDT1B,BEDT1B,36.11748015161742
BEIN31,BEIN31,0.23421093821328398
BEIW31,BEIW31,1.6952926408085622
BEIW32,BEIW32,1.6952926408085622
BERB3-,BERB3-,5.693786052929415
BERW3-,BERW3-,10.147824055650865
BESW11,BESW11,55.17131033081103
BESW12,BESW12,27.585655165405516
BHLA31,BHLA31,0.9896125021050525
BICF11,BICF11,51.28645476040405
BIHI1Q,BIHI1Q,1.9458145820913308
BIHI1R,BIHI1R,1.9458145820913308
BIRK11,BIRK11,36.41967433318265
BISW11,BISW11,80.52842741693766
BLAH3A,BLAH3A,8.058029455321902
BLAH3B,BLAH3B,4.029014727660951
BLCW3-,BLCW3-,8.058029455321902
BLHI1J,BLHI1J,2.6980692486727698
BLHI1K,BLHI1K,1.715387626481452
BLHI2L,BLHI2L,1.6623170946128842
BLHI2M,BLHI2M,1.6623170946128842
BLHI41,BLHI41,0.8476463204042811
BLHI42,BLHI42,0.8476463204042811
BLHI4R,BLHI4R,1.6952926408085622
BLKL3A,BLKL3A,8.966102045284567
BLKL3B,BLKL3B,4.483051022642283
BLKS3-,BLKS3-,4.029014727660951
BLLX3-,BLLX3-,6.934398504659199
BLYT1A,BLYT1A,67.10108019889125
BLYT1B,BLYT1B,22.36702673296375
BLYT61,BLYT61,22.36702673296375
BOAG1L,BOAG1L,1.9616443508294408
BOAG1M,BOAG1M,1.9616443508294408
BOAG1P,BOAG1P,1.9616443508294408
BOAG3-,BOAG3-,5.884933052488322
BODE42,BODE42,12.10004580050469
BOLN11,BOLN11,132.26965270164166
BOLN12,BOLN12,66.13482635082083
BONB2J,BONB2J,5.032001754622458
BONB4-,BONB4-,0.376579340630305
BONN3-,BONN3-,20.128007018489832
BOSO11,BOSO11,3.1044371607156602
BOSW31,BOSW31,6.2088743214313205
BOTW11,BOTW11,51.294145863091956
BPGR3J,BPGR3J,2.39585539866794
BPGR3K,BPGR3K,1.19792769933397
BRAI11,BRAI11,56.48505494230494
BRAP3-,BRAP3-,5.2036690483073205
BRAW11,BRAW11,97.17871977890059
BRAW12,BRAW12,32.39290659296686
BRCW3-,BRCW3-,1.0616262414288602
BREC1Q,BREC1Q,1.4667818726583277
BREC1R,BREC1R,2.3755693055916156
BRED11,BRED11,51.39538290760898
BRFO11,BRFO11,67.75339544380809
BRFO12,BRFO12,33.876697721904044
BRID3-,BRID3-,7.126707916774847
BRIM11,BRIM11,132.0818707920581
BRIN21,BRIN21,33.38532813345408
BRIN22,BRIN22,34.87241178148937
BRLE11,BRLE11,106.69672441241308
BRLE12,BRLE12,53.34836220620654
BRLE13,BRLE13,53.34836220620654
BRLE14,BRLE14,53.34836220620654
BRLE1A,BRLE1A,53.34836220620654
BRLE1B,BRLE1B,53.34836220620654
BROA3-,BROA3-,2.620869802122883
BROR1Q,BROR1Q,0.6483110081885896
BROR3-,BROR3-,1.296622016377179
BROX3-,BROX3-,12.69605108853979
BRST21,BRST21,67.75339544380809
BRST22,BRST22,67.75339544380809
BRWA11,BRWA11,52.16014069671114
BULL41,BULL41,28.238631269335325
BUMU3-,BUMU3-,10.653800934312962
BURW11,BURW11,50.16570014549514
BUSB2-,BUSB2-,3.458778124514895
BUSH11,BUSH11,49.58201951301501
BUST11,BUST11,102.07024128227204
CAAD3-,CAAD3-,4.859119034164669
CAAD3J,CAAD3J,1.6197063447215565
CAFA5R,CAFA5R,2.5286750800891906
CAIN3J,CAIN3J,4.0812038253509275
CAMA11,CAMA11,45.03688307718327
CAMA12,CAMA12,45.03688307718327
CAML61,CAML61,23.572225584071955
CANT13,CANT13,11.823856316466452
CANT14,CANT14,5.911928158233226
CAPE11,CAPE11,105.61523090774065
CAPE1A,CAPE1A,26.403807726935163
CAPE1B,CAPE1B,26.403807726935163
CARE11,CARE11,21.653888569302655
CARR11,CARR11,131.1087014357759
CARR12,CARR12,26.221740287155182
CARR42,CARR42,26.221740287155182
CASS3-,CASS3-,0.46575400070435974
CATY3-,CATY3-,5.677217930068973
CCSS3-,CCSS3-,6.934398504659199
CEAN5-,CEAN5-,0.23421093821328398
CELL11,CELL11,93.96704118700269
CELL12,CELL12,46.983520593501346
CHAP3-,CHAP3-,18.112737837714533
CHAR1S,CHAR1S,2.0665223208806034
CHAR1T,CHAR1T,2.0665223208806034
CHAR3-,CHAR3-,6.199566962641811
CHAS3A,CHAS3A,8.181614073612169
CHAS3C,CHAS3C,8.181614073612169
CHIC11,CHIC11,36.835367912662726
CHIC4A,CHIC4A,18.417683956331363
CHIL41,CHIL41,28.57619729671264
CHSI11,CHSI11,37.60082166508372
CHSI1A,CHSI1A,18.80041083254186
CHSI1B,CHSI1B,18.80041083254186
CHTE11,CHTE11,80.48261584550798
CHTE12,CHTE12,40.24130792275399
CHUE4A,CHUE4A,10.162916049837696
CHUE4B,CHUE4B,10.162916049837696
CILF2A,CILF2A,40.78911422985664
CILF2B,CILF2B,10.314268636998563
CITR11,CITR11,107.34800329588928
CITR12,CITR12,53.67400164794464
CLAC5J,CLAC5J,0.39619533601698464
CLAY3-,CLAY3-,6.923479803527853
CLEH41,CLEH41,13.639951858917067
CLTO11,CLTO11,33.876697721904044
CLUN1S,CLUN1S,1.8549316838925451
CLUN1T,CLUN1T,1.8549316838925451
CLUN5J,CLUN5J,3.7098633677850903
CLUN5K,CLUN5K,3.7098633677850903
CLYM3A,CLYM3A,11.234729287893007
CLYM3B,CLYM3B,5.6173646439465035
CLYN3A,CLYN3A,9.89424770438897
CLYN3B,CLYN3B,4.947123852194485
CLYN3C,CLYN3C,4.947123852194485
CLYN3D,CLYN3D,4.947123852194485
CLYS3A,CLYS3A,9.89424770438897
CLYS3B,CLYS3B,4.947123852194485
CLYS3X,CLYS3X,4.947123852194485
COAL1-,COAL1-,5.729176226681362
COAL1A,COAL1A,3.4671992523295994
COAT3-,COAT3-,15.076526606574078
COCK3-,COCK3-,15.76514175528512
COGA1C,COGA1C,2.8468930264647074
COGA3-,COGA3-,5.693786052929415
CONN1C,CONN1C,1.0348123869054389
CONN1J,CONN1J,2.0696247738108777
CONQ11,CONQ11,22.90988904405245
CONQ12,CONQ12,11.454944522026224
CONQ13,CONQ13,11.454944522026224
CORI1K,CORI1K,1.2374992200623058
CORI1P,CORI1P,1.5716118972501991
CORI1Q,CORI1Q,1.5716118972501991
CORI3-,CORI3-,2.4749984401246117
CORI3J,CORI3J,1.2374992200623058
COSO41,COSO41,30.047512324962728
COTT41,COTT41,23.29188373379174
COTT42,COTT42,18.658438418553413
COUA3-,COUA3-,5.564795051677636
COUW31,COUW31,4.859119034164669
COVE11,COVE11,67.31807202941039
COVE12,COVE12,33.659036014705194
COWL11,COWL11,44.97320403918619
COWL12,COWL12,22.486602019593096
COWT2A,COWT2A,11.790920521643319
COYL3-,COYL3-,12.087044182982854
COYT1T,COYT1T,3.9314192434301924
COYW2S,COYW2S,3.3870798445679053
COYW2T,COYW2T,3.3870798445679053
CRAI1P,CRAI1P,2.1657843936415513
CRAI1R,CRAI1R,2.1657843936415513
CRAI3-,CRAI3-,6.497353180924653
CRDY3A,CRDY3A,2.820162291284205
CRDY3B,CRDY3B,2.820162291284205
CREA1A,CREA1A,2.370550472545361
CREA1B,CREA1B,2.370550472545361
CREA3-,CREA3-,4.741100945090722
CREB11,CREB11,77.212386551917
CREB12,CREB12,38.6061932759585
CREB21,CREB21,38.6061932759585
CREB22,CREB22,38.6061932759585
CREB2A,CREB2A,38.6061932759585
CREB2B,CREB2B,38.6061932759585
CROO3J,CROO3J,7.723218870758759
CROO3K,CROO3K,2.5744062902529197
CRSS1Q,CRSS1Q,2.027863377885078
CRSS1R,CRSS1R,5.387462017444825
CRSS2C,CRSS2C,1.6197063447215565
CRSS2D,CRSS2D,1.6197063447215565
CRUA2Q,CRUA2Q,3.8962935959114473
CRUA2R,CRUA2R,3.8962935959114473
CRYR1A,CRYR1A,2.7592107486227233
CRYR31,CRYR31,8.277632245868169
CRYR32,CRYR32,2.7592107486227233
CULJ4A,CULJ4A,22.486602019593096
CULL5-,CULL5-,2.503424004201009
CUMB3-,CUMB3-,10.372131753190326
CUMH3-,CUMH3-,3.4671992523295994
CUPA3-,CUPA3-,13.092626286494433
CURR5-,CURR5-,4.79171079733588
DAAS3-,DAAS3-,1.6952926408085622
DAIN41,DAIN41,23.772877872276457
DALL2-,DALL2-,3.8962935959114473
DALM3-,DALM3-,12.585040430740849
DAMC41,DAMC41,16.35003571310509
DEAN5-,DEAN5-,2.503424004201009
DENN1-,DENN1-,15.096005263867374
DENS1Q,DENS1Q,2.503855071975572
DENS1R,DENS1R,2.807490997514952
DESA3-,DESA3-,8.058029455321902
DEVM3-,DEVM3-,6.7729192947171875
DEVO3-,DEVO3-,6.5358276625854455
DEWP3-,DEWP3-,13.791917389792594
DINO41,DINO41,10.20547073275043
DLCH1B,DLCH1B,2.370550472545361
DONO1-,DONO1-,3.4671992523295994
DORE31,DORE31,1.7354826121543419
DORE32,DORE32,1.7354826121543419
DOUN3-,DOUN3-,3.1044371607163166
DRAK11,DRAK11,47.2178082884244
DRAK21,DRAK21,23.6089041442122
DRAX11,DRAX11,23.572225584071955
DRCR3-,DRCR3-,5.720249249138094
DRUM3-,DRUM3-,13.713014358209879
DUBE3-,DUBE3-,0.017996737163572852
DUCC1J,DUCC1J,1.1868897466088126
DUCC1K,DUCC1K,1.1868897466088126
DUDO11,DUDO11,59.14156454771619
DUDO12,DUDO12,29.570782273858097
DUDW31,DUDW31,59.14156454771619
DUDW32,DUDW32,59.14156454771619
DUGR3-,DUGR3-,0.9181879081029505
DUMF3A,DUMF3A,18.03849213924639
DUMF3B,DUMF3B,9.019246069623195
DUMF3I,DUMF3I,9.019246069623195
DUNB3A,DUNB3A,5.428933598269637
DUNB3B,DUNB3B,5.428933598269637
DUNE3-,DUNE3-,5.594682050799597
DUNF3-,DUNF3-,9.079826385246939
DUNG21,DUNG21,33.599755305713586
DUNH1Q,DUNH1Q,4.029014727660951
DUNH1R,DUNH1R,4.029014727660951
DUNH3-,DUNH3-,12.087044182982854
DUNM1C,DUNM1C,3.051246251589102
DUNM3-,DUNM3-,6.102492503178204
DUNO3-,DUNO3-,2.759522099851893
DYCE1J,DYCE1J,2.576386883399379
DYCE1T,DYCE1T,2.576386883399379
DYCE1U,DYCE1U,2.576386883399379
DYCE3-,DYCE3-,7.7291606501981365
EAAW61,EAAW61,67.75339544380809
EAAW62,EAAW62,67.75339544380809
EAAW63,EAAW63,33.876697721904044
EAAW64,EAAW64,33.876697721904044
EALI61,EALI61,31.917743835574967
EASO11,EASO11,40.72405418797017
EASO12,EASO12,40.72405418797017
EASO4B,EASO4B,20.362027093985084
EAST5-,EAST5-,2.19400523401486
ECCF1J,ECCF1J,9.056368918857267
ECCF1K,ECCF1K,9.056368918857267
ECCL3-,ECCL3-,8.424259229844823
ECCL4C,ECCL4C,2.106064807461206
ECCL4D,ECCL4D,2.106064807461206
ECLA11,ECLA11,52.61286515834847
ECLA12,ECLA12,26.306432579174235
EDIN3-,EDIN3-,1.6104722383437537
EERH3-,EERH3-,12.365827686868698
EGGB41,EGGB41,25.593472169532568
EGGB42,EGGB42,7.646856544523542
EKIL2Q,EKIL2Q,3.8856507312755793
EKIL2R,EKIL2R,3.8856507312755793
EKIL3-,EKIL3-,11.656952193826738
EKIS3A,EKIS3A,4.93678483137487
EKIS3B,EKIS3B,2.468392415687435
ELDE3-,ELDE3-,7.909609754705337
ELGI1L,ELGI1L,3.8693166130314047
ELGI1M,ELGI1M,3.8693166130314047
ELGI3-,ELGI3-,11.607949839094214
ELLA11,ELLA11,59.48161655791326
ELLA12,ELLA12,29.74080827895663
ELST11,ELST11,71.61836400116036
ELST12,ELST12,143.23672800232072
ELST13,ELST13,35.80918200058018
ELST4A,ELST4A,35.80918200058018
ELVA2Q,ELVA2Q,9.89424770438897
ELVA2R,ELVA2R,4.947123852194485
ENDE11,ENDE11,81.68504584830143
ERRO1A,ERRO1A,4.897868392487238
ERRO1B,ERRO1B,3.5406055003860706
ERRO5J,ERRO5J,2.047513416085472
ERRO5L,ERRO5L,2.047513416085472
ERSK3-,ERSK3-,6.378284112305211
ESST1-,ESST1-,3.2355442555919596
ESST1Q,ESST1Q,3.2355442555919596
EWEH3-,EWEH3-,5.64032458256841
EXET11,EXET11,50.61000509128513
FAAR3J,FAAR3J,3.9374094978105854
FAAR3K,FAAR3K,4.245878482842927
FALL3A,FALL3A,6.283812174461766
FALL3B,FALL3B,3.141906087230883
FARI1J,FARI1J,5.693786052929415
FARI1K,FARI1K,6.102492503178204
FASN3-,FASN3-,0.29071100081816914
FAUG1-,FAUG1-,1.979225004210105
FAUG1J,FAUG1J,0.49480625105252624
FAUG1K,FAUG1K,0.9896125021050525
FAUG1M,FAUG1M,0.49480625105252624
FAUG1N,FAUG1N,0.49480625105252624
FAUG1P,FAUG1P,0.49480625105252624
FAUG3-,FAUG3-,0.9896125021050525
FAWL11,FAWL11,30.86745440210775
FECK61,FECK61,89.31595265645699
FENW4A,FENW4A,9.324433685777395
FERO1S,FERO1S,2.7356430416078608
FERO3-,FERO3-,5.4712860832157215
FERR11,FERR11,21.414691459533582
FERR22,FERR22,10.707345729766791
FERR2B,FERR2B,5.3536728648833956
FERR61,FERR61,5.3536728648833956
FETT2P,FETT2P,1.1409140020639292
FETT2Q,FETT2Q,1.1409140020639292
FETT3S,FETT3S,3.422742006191788
FFES21,FFES21,10.380076543375433
FFES22,FFES22,10.380076543375433
FIDD1B,FIDD1B,2.2703033951491376
FIDD3-,FIDD3-,2.2703033951491376
FIDF11,FIDF11,56.03708566010343
FIDF12,FIDF12,28.018542830051715
FINL5-,FINL5-,0.7326876890461008
FINN3-,FINN3-,6.654832154093061
FLEE11,FLEE11,106.67944849926387
FLEE12,FLEE12,53.339724249631935
FLIB41,FLIB41,11.454944522026224
FOFO2-,FOFO2-,1.8811353400804787
FOGG1Q,FOGG1Q,2.812130685277515
FOGG1R,FOGG1R,2.250334829043638
FOUR31,FOUR31,17.077403388019274
FOUR71,FOUR71,8.538701694009637
FOYE2-,FOYE2-,3.8962935959114473
FOYE2J,FOYE2J,3.8962935959114473
FRAS3-,FRAS3-,5.0484070009479725
FROD11,FROD11,77.33002290539248
FWIL3-,FWIL3-,5.730650811006927
FYRI1J,FYRI1J,4.986854196340756
FYRI2K,FYRI2K,1.2517120021005046
GALA3-,GALA3-,5.594682050799597
GALO11,GALO11,33.876697721904044
GALO12,GALO12,33.876697721904044
GANW14,GANW14,33.876697721904044
GANW31,GANW31,67.75339544380809
GANW32,GANW32,67.75339544380809
GANW33,GANW33,33.876697721904044
GANW34,GANW34,33.876697721904044
GARB1Q,GARB1Q,0.25714448443973664
GARB1R,GARB1R,0.21658364979269404
GARB1S,GARB1S,0.17996737163572848
GARB1T,GARB1T,0.17996737163572848
GARE1S,GARE1S,0.17996737163572848
GARE1T,GARE1T,0.17996737163572848
GAWH3-,GAWH3-,6.934398504659199
GGON11,GGON11,33.876697721904044
GGON12,GGON12,33.876697721904044
GGON13,GGON13,33.876697721904044
GIFF3A,GIFF3A,9.488326674097152
GIFF3B,GIFF3B,9.488326674097152
GLAG1Q,GLAG1Q,3.3421701989026573
GLAG1R,GLAG1R,3.3421701989026573
GLAP3-,GLAP3-,4.029014727660951
GLDO1G,GLDO1G,0.49480625105252624
GLEN5-,GLEN5-,0.9896125021050525
GLFA3-,GLFA3-,4.429511551607403
GLGL3-,GLGL3-,12.087044182982854
GLKO3J,GLKO3J,3.9374094978105854
GLLE5-,GLLE5-,1.4672907123254828
GLLU3-,GLLU3-,5.02924670949478
GLNI3-,GLNI3-,3.369264436611632
GLRB2-,GLRB2-,2.4674119581090284
GLRO3A,GLRO3A,4.934823916218057
GLRO3B,GLRO3B,2.4674119581090284
GORG3-,GORG3-,7.254952052756871
GORW3-,GORW3-,2.0696247738108777
GOVA3-,GOVA3-,9.966967692317182
GRAI11,GRAI11,32.73347579057293
GRAN61,GRAN61,72.46844942624526
GREG31,GREG31,67.75339544380809
GREG32,GREG32,33.876697721904044
GREG33,GREG33,67.75339544380809
GREG34,GREG34,33.876697721904044
GREG35,GREG35,67.75339544380809
GREG36,GREG36,33.876697721904044
GREG3A,GREG3A,67.75339544380809
GREG3B,GREG3B,33.876697721904044
GREN11,GREN11,105.62211480369565
GREN12,GREN12,52.811057401847826
GRIF36,GRIF36,7.102533956208641
GRIF38,GRIF38,6.5300966530208635
GRIW11,GRIW11,38.510391597325324
GRIW12,GRIW12,19.255195798662662
GRMO3A,GRMO3A,1.19792769933397
GRMO3C,GRMO3C,1.19792769933397
GRNA1-,GRNA1-,5.64032458256841
GRNA4C,GRNA4C,4.667323109009904
GRSA21,GRSA21,24.801386204704535
GRSB21,GRSB21,24.801386204704535
GRST61,GRST61,124.00693102352267
GRTO61,GRTO61,74.40415861411361
GRUB3-,GRUB3-,3.5538672764270904
GUNS31,GUNS31,67.75339544380809
GUNS32,GUNS32,33.876697721904044
GWAW31,GWAW31,24.20009160100938
GWAW32,GWAW32,24.20009160100938
GWBW31,GWBW31,24.20009160100938
GWBW32,GWBW32,24.20009160100938
GWYO11,GWYO11,12.10004580050469
GWYO12,GWYO12,12.10004580050469
HACK11,HACK11,25.188111565287365
HACK61,HACK61,37.78216734793105
HADH3-,HADH3-,3.5206817115498055
HAGR3-,HAGR3-,8.651201810677177
HAKB1-,HAKB1-,14.022851607214035
HAKB4-,HAKB4-,15.650581815864985
HAKB4B,HAKB4B,8.81588538062631
HAMH1A,HAMH1A,31.071014332243294
HAMH1B,HAMH1B,31.071014332243294
HAMH2A,HAMH2A,62.14202866448659
HARE3A,HARE3A,9.89424770438897
HARE3B,HARE3B,4.947123852194485
HARK11,HARK11,46.95174544759496
HARK12,HARK12,15.650581815864985
HARK13,HARK13,15.650581815864985
HARK23,HARK23,15.650581815864985
HARK24,HARK24,15.650581815864985
HARM61,HARM61,15.828045512318614
HARR3-,HARR3-,3.4671992523295994
HATL21,HATL21,10.171001559231419
HAWI1B,HAWI1B,1.9573412980546396
HAWI3-,HAWI3-,3.9146825961092793
HAWP2A,HAWP2A,9.792911113079882
HAWP61,HAWP61,29.378733339239645
HEDO21,HEDO21,38.6061932759585
HELE3-,HELE3-,3.09015713264924
HEND11,HEND11,35.80918200058018
HEYS11,HEYS11,6.2088743214313205
HIGM21,HIGM21,57.569465490543216
HIGM4A,HIGM4A,22.697053709053847
HINP21,HINP21,35.5206082440991
HINP22,HINP22,16.69890629625602
HOWA21,HOWA21,45.823067515763306
HOWB21,HOWB21,45.823067515763306
HOWR2A,HOWR2A,22.911533757881653
HOWR2B,HOWR2B,22.911533757881653
HOWW3A,HOWW3A,45.823067515763306
HOWW3B,HOWW3B,45.823067515763306
HOWW3C,HOWW3C,45.823067515763306
HOWW6D,HOWW6D,45.823067515763306
HUCS4-,HUCS4-,0.6997378882366553
HUER1-,HUER1-,1.5554981861300419
HUMO11,HUMO11,77.212386551917
HUMO12,HUMO12,77.212386551917
HUMW31,HUMW31,77.212386551917
HUMW32,HUMW32,77.212386551917
HUNE4-,HUNE4-,0.7777490930650209
HUNF3-,HUNF3-,7.772354803381958
HUNN2A,HUNN2A,2.3974554377865775
HUNN2B,HUNN2B,1.5554981861300419
HUNN2C,HUNN2C,1.6197063447215565
HURS1B,HURS1B,32.7023291071512
HURS1C,HURS1C,16.3511645535756
HURS1D,HURS1D,16.3511645535756
HUTT11,HUTT11,34.03022522044729
HUTT42,HUTT42,17.015112610223646
HUTT43,HUTT43,17.015112610223646
HUTT71,HUTT71,17.015112610223646
INCE11,INCE11,26.403807726935163
INDQ11,INDQ11,68.61605350555575
INGA5-,INGA5-,1.426074006588399
INKE3-,INKE3-,9.401419764001849
INNE1Q,INNE1Q,5.300039094671538
INNE1R,INNE1R,5.300039094671538
INNE3-,INNE3-,21.200156378686152
INRU1Q,INRU1Q,1.2836514441561007
INRU1R,INRU1R,1.2836514441561007
INRU1S,INRU1S,1.1027117195685454
INVE1J,INVE1J,1.1910729168958658
INVE1K,INVE1K,0.8049808381870729
INVR1-,INVR1-,0.5399021149071854
INVR1A,INVR1A,0.17996737163572848
INVR1B,INVR1B,0.17996737163572848
INVR1C,INVR1C,0.28449340973390713
INVR1D,INVR1D,0.28449340973390713
INVR2-,INVR2-,0.35886784464214894
INWI1Q,INWI1Q,1.8096445327565456
INWI1R,INWI1R,1.8096445327565456
IROA11,IROA11,90.07376615436654
IROA12,IROA12,45.03688307718327
IROA13,IROA13,45.03688307718327
IRON11,IRON11,60.18853432928799
IRON12,IRON12,30.094267164643995
IRON13,IRON13,30.094267164643995
ISLI11,ISLI11,80.7858870606824
IVER11,IVER11,98.91010594683492
IVER2A,IVER2A,19.782021189366983
IVER61,IVER61,19.782021189366983
JOHN3-,JOHN3-,10.794775773713432
JORD31,JORD31,67.68493015893053
JUNA1T,JUNA1T,4.692508015750128
JUNB1-,JUNB1-,7.495157821885366
JUNV1-,JUNV1-,7.495157821885366
KAIM3-,KAIM3-,7.720427533228326
KAIM3A,KAIM3A,15.440855066456653
KAIM3B,KAIM3B,7.720427533228326
KEAD11,KEAD11,87.00266987732093
KEAD43,KEAD43,17.400533975464185
KEAR11,KEAR11,75.22847881421849
KEAR31,KEAR31,25.076159604739498
KEIH3-,KEIH3-,2.7973410253997986
KEIT1J,KEIT1J,0.8677413060771709
KEIT1K,KEIT1K,0.8677413060771709
KEIT3-,KEIT3-,3.4709652243086837
KEIT3A,KEIT3A,0.8677413060771709
KEMS11,KEMS11,31.92041750994564
KEMS4A,KEMS4A,15.96020875497282
KEMS4B,KEMS4B,15.96020875497282
KENE3-,KENE3-,6.934398504659199
KENG41,KENG41,17.979238177034244
KEOO5-,KEOO5-,6.622641898426133
KIBY11,KIBY11,34.59681602148738
KIER3-,KIER3-,13.961582850567051
KIIN3-,KIIN3-,0.7326876890461008
KILB3-,KILB3-,2.632567567586774
KILB5-,KILB5-,0.8775225225289246
KILC1Q,KILC1Q,2.2737861281274783
KILG3A,KILG3A,8.058029455321902
KILG3B,KILG3B,4.029014727660951
KILG3C,KILG3C,4.029014727660951
KILL41,KILL41,22.911533757881653
KILO3-,KILO3-,3.820433874004618
KILS1-,KILS1-,12.462756587400799
KILS3-,KILS3-,3.1156891468501997
KILT3-,KILT3-,14.903806294738903
KILW3-,KILW3-,9.487871835511513
KINB2J,KINB2J,1.1409140020639292
KINB2K,KINB2K,2.461385930575631
KINC2-,KINC2-,3.9015071676580546
KINO11,KINO11,32.70007142621018
KINT1B,KINT1B,3.0054551063145523
KINT1P,KINT1P,3.0054551063145523
KINT1R,KINT1R,3.0054551063145523
KINT1T,KINT1T,3.0054551063145523
KINT1U,KINT1U,3.0054551063145523
KINT3-,KINT3-,12.021820425258209
KIOR5-,KIOR5-,2.503424004201009
KIRK11,KIRK11,63.83470726685921
KIRK2A,KIRK2A,31.917353633429606
KITW11,KITW11,62.971017227784785
KNAR11,KNAR11,44.66724375331859
KNOC1J,KNOC1J,10.386211064474763
KNOC2L,KNOC2L,2.9455590949606396
KNOC2M,KNOC2M,2.4434729796903856
KNOC2N,KNOC2N,2.8468930264647074
KNOC2P,KNOC2P,3.051246251589102
KYPE3-,KYPE3-,6.934398504659199
KYPE3A,KYPE3A,3.4671992523295994
LACK2A,LACK2A,24.801386204704535
LACK2B,LACK2B,24.801386204704535
LACK2C,LACK2C,24.801386204704535
LACK61,LACK61,24.801386204704535
LAGA41,LAGA41,19.266098161430484
LAGG1Q,LAGG1Q,0.49480625105252624
LAGG1R,LAGG1R,0.49480625105252624
LAIR3-,LAIR3-,2.551981861256003
LALE11,LALE11,48.176974685701005
LAMB2-,LAMB2-,5.0040278367892475
LAMB2T,LAMB2T,3.733934427965511
LAND11,LAND11,60.13546075582064
LEGA11,LEGA11,102.83417979381376
LEIB4A,LEIB4A,9.62794899746168
LEIB4B,LEIB4B,34.89149360764837
LEIS11,LEIS11,67.75339544380809
LEMR11,LEMR11,31.071014332243294
LEVE3-,LEVE3-,9.151340847673154
LEVT1Q,LEVT1Q,3.187343449453527
LEVT1R,LEVT1R,3.2466454852693682
LING3-,LING3-,10.932822824282479
LINM3-,LINM3-,10.401597756988798
LINO11,LINO11,76.48360873357232
LINO12,LINO12,38.24180436678616
LINO13,LINO13,38.24180436678616
LINO14,LINO14,38.24180436678616
LINO42,LINO42,38.24180436678616
LINS31,LINS31,76.48360873357232
LINS32,LINS32,76.48360873357232
LISD11,LISD11,52.46594872941971
LISD2A,LISD2A,26.232974364709854
LITB11,LITB11,20.362027093985084
LITT11,LITT11,10.281536924314446
LITT2A,LITT2A,5.140768462157223
LITT2B,LITT2B,5.140768462157223
LOAN2-,LOAN2-,4.227323963203625
LOAN2Q,LOAN2Q,3.3576907041987125
LOAN2R,LOAN2R,3.3576907041987125
LOAW31,LOAW31,27.279903717834134
LOAW32,LOAW32,27.279903717834134
LOAW34,LOAW34,27.279903717834134
LOCB1J,LOCB1J,1.1378032869270531
LOCB1K,LOCB1K,1.6662780571882159
LOCB1L,LOCB1L,2.575229985755277
LOCH5J,LOCH5J,0.7326876890461008
LOCH5K,LOCH5K,0.3663438445230504
LOCL1Q,LOCL1Q,0.7130370032941995
LOCL1R,LOCL1R,0.7130370032941995
LOCL1S,LOCL1S,1.1136963631206078
LODR61,LODR61,113.9609513111653
LODR62,LODR62,32.953631200336794
LOFI4A,LOFI4A,21.32012126917436
LOFI4B,LOFI4B,21.32012126917436
LONO11,LONO11,27.279903717834134
LONO12,LONO12,27.279903717834134
LONO13,LONO13,13.639951858917067
LONO14,LONO14,13.639951858917067
LONO41,LONO41,13.639951858917067
LONO42,LONO42,13.639951858917067
LOVE11,LOVE11,93.47472501900813
LOVE12,LOVE12,46.73736250950407
LOYW31,LOYW31,27.279903717834134
LUIC5J,LUIC5J,2.4749984401246117
LUIC5K,LUIC5K,2.4749984401246117
LUMB1Q,LUMB1Q,1.3875391189495643
LUMB1R,LUMB1R,1.3875391189495643
LUNA3-,LUNA3-,8.120839270128418
LUND1-,LUND1-,1.910216937002309
LYND3-,LYND3-,4.072217763173511
MACC31,MACC31,54.110267378298914
MACD3-,MACD3-,7.087268781502281
MAHI1-,MAHI1-,8.058029455321902
MAHI3-,MAHI3-,4.029014727660951
MANN11,MANN11,103.56814028036862
MARH41,MARH41,51.952641189955074
MARH42,MARH42,30.309231275129203
MARH4A,MARH4A,51.952641189955074
MARH4B,MARH4B,30.309231275129203
MAWO41,MAWO41,26.050445547921584
MAYB3-,MAYB3-,3.5206817115498055
MAYT1T,MAYT1T,3.0721860618013848
MEAD1-,MEAD1-,3.926296439711478
MEAD1Q,MEAD1Q,3.926296439711478
MEAD1R,MEAD1R,3.926296439711478
MEDB4A,MEDB4A,22.36702673296375
MEDB4B,MEDB4B,22.36702673296375
MEDW41,MEDW41,16.366737895286466
MELG1J,MELG1J,0.9896125021050525
MELG1K,MELG1K,0.9896125021050525
MELK11,MELK11,78.5349043051395
MELK2A,MELK2A,39.26745215256975
MELK2B,MELK2B,39.26745215256975
MIDL41,MIDL41,3.1044371607156602
MIDM3-,MIDM3-,3.4671992523295994
MILC1T,MILC1T,4.303859010017206
MILC1V,MILC1V,4.303859010017206
MILC3-,MILC3-,12.911577030051617
MILH11,MILH11,26.20120298562604
MILH12,MILH12,26.20120298562604
MILL41,MILL41,45.15103615023114
MILL4A,MILL4A,45.15103615023114
MILL4B,MILL4B,45.15103615023114
MILP31,MILP31,83.3320038457625
MILS3J,MILS3J,0.23569752064095562
MILW1S,MILW1S,0.3366849712355173
MILW3-,MILW3-,0.6733699424710347
MINN3-,MINN3-,4.947123852194485
MITY11,MITY11,67.33335912312474
MITY12,MITY12,33.66667956156237
MOFF3A,MOFF3A,14.841371556583455
MOFF4C,MOFF4C,5.013583208976668
MONF21,MONF21,69.50725674922697
MONF22,MONF22,5.2074440505318105
MORF2-,MORF2-,2.5267398054925523
MORO21,MORO21,5.053479610985105
MORO22,MORO22,5.053479610985105
MORO23,MORO23,5.053479610985105
MOSH5J,MOSH5J,5.775672822605595
MOSH5K,MOSH5K,5.775672822605595
MOSM3Q,MOSM3Q,9.68093241630729
MOSM3R,MOSM3R,5.775672822605595
MOSS1S,MOSS1S,1.1846224254756967
MOSS1T,MOSS1T,1.1846224254756967
MOSS5-,MOSS5-,3.5538672764270904
MOTA1Q,MOTA1Q,1.2149619823642943
MOTA1R,MOTA1R,1.2149619823642943
MOWE61,MOWE61,5.053479610985105
MOWE62,MOWE62,5.053479610985105
MOWE63,MOWE63,5.053479610985105
MYBS1Q,MYBS1Q,2.002267901522782
MYBS1R,MYBS1R,2.002267901522782
MYBS3J,MYBS3J,6.0068037045683464
MYBS3K,MYBS3K,2.002267901522782
MYBS3M,MYBS3M,2.002267901522782
MYBS3N,MYBS3N,2.002267901522782
NAIR3-,NAIR3-,7.936561089131219
NANT5-,NANT5-,4.5475722562549565
NEAR3-,NEAR3-,18.698505542136886
NECH11,NECH11,62.6402520400664
NECH12,NECH12,31.3201260200332
NECT4A,NECT4A,29.570782273858097
NECT4B,NECT4B,29.570782273858097
NECU1-,NECU1-,8.058029455321902
NECU1Q,NECU1Q,4.029014727660951
NECU1R,NECU1R,3.6883261095332402
NEDE2J,NEDE2J,2.5704286497787607
NEDE2K,NEDE2K,2.5267398054925523
NEEP31,NEEP31,67.59476910791201
NEIL1-,NEIL1-,10.357068410832435
NEIL1C,NEIL1C,3.457619235287739
NEIL2C,NEIL2C,3.709720034496378
NETS3-,NETS3-,2.1935080009635484
NEWX11,NEWX11,38.10547428353429
NEWX61,NEWX61,19.052737141767146
NEWX62,NEWX62,19.052737141767146
NFLE11,NFLE11,69.41616442924123
NFLE12,NFLE12,34.70808221462062
NHYD61,NHYD61,44.954976663050864
NINF11,NINF11,70.20527167509421
NINF12,NINF12,35.102635837547105
NORL31,NORL31,100.70569808535024
NORM11,NORM11,47.33141874019159
NORM12,NORM12,23.665709370095794
NORM1A,NORM1A,23.665709370095794
NORM1B,NORM1B,23.665709370095794
NORT11,NORT11,100.55793732836658
NOTR11,NOTR11,23.665709370095794
NOTR12,NOTR12,23.665709370095794
NURS11,NURS11,120.96709264503181
OCKH11,OCKH11,17.957039362430994
OCKH2A,OCKH2A,8.978519681215497
OFFE31,OFFE31,20.748921630399774
OFFE32,OFFE32,10.374460815199887
OLDB11,OLDB11,34.05082039928843
OLDS12,OLDS12,45.03688307718327
ORMO31,ORMO31,6.2088743214313205
ORMW31,ORMW31,6.2088743214313205
ORMW32,ORMW32,3.1044371607156602
ORRI1S,ORRI1S,1.2374992200623058
ORRI1T,ORRI1T,1.2374992200623058
ORRI3-,ORRI3-,2.4749984401246117
ORRI5-,ORRI5-,2.4749984401246117
OSBA11,OSBA11,78.93986401444157
PADI11,PADI11,44.59347214700887
PAFB4A,PAFB4A,39.69364527477893
PAFB4B,PAFB4B,39.69364527477893
PAIS1Q,PAIS1Q,3.6695233462201653
PAIS1R,PAIS1R,3.6695233462201653
PAIS3-,PAIS3-,11.008570038660496
PART3-,PART3-,9.70663276677588
PEHE2S,PEHE2S,3.7369412295412996
PEHE2T,PEHE2T,2.5704286497787607
PEHE2U,PEHE2U,2.461540702915724
PEHE2V,PEHE2V,2.5704286497787607
PEHE2W,PEHE2W,3.7369412295412996
PEHEMEC1,PEHEMEC1,3.7369412295412996
PEHEMEC2,PEHEMEC2,2.5704286497787607
PEHEMEC3,PEHEMEC3,2.5704286497787607
PEHEMEC4,PEHEMEC4,2.5704286497787607
PEHEMEC5,PEHEMEC5,2.461540702915724
PEHEMEC6,PEHEMEC6,3.7369412295412996
PEHERSV1,PEHERSV1,2.5704286497787607
PEHERSV2,PEHERSV2,3.0054551063145523
PEHG3-,PEHG3-,3.850954332468302
PEHS5-,PEHS5-,12.486599794358968
PELH11,PELH11,44.95401695164666
PELH12,PELH12,22.47700847582333
PEMB11,PEMB11,52.70849254742047
PENE11,PENE11,56.66678272445753
PENM4A,PENM4A,9.816961132730084
PENM4B,PENM4B,9.816961132730084
PENN11,PENN11,100.0542382589411
PENT11,PENT11,20.41094146550086
PENW11,PENW11,94.37488968577176
PERH11,PERH11,4.141263556756652
PERS3-,PERS3-,18.6847061477065
PEWO2C,PEWO2C,18.12728316542705
PEWO2D,PEWO2D,18.12728316542705
PEWO4A,PEWO4A,23.35120159274721
PEWO4B,PEWO4B,24.536858496215466
PITS31,PITS31,21.521734365275613
PITS32,PITS32,10.760867182637806
POGB3-,POGB3-,2.7973410253997986
POOB3-,POOB3-,22.315817065904614
POPP31,POPP31,27.71117060815568
PORA1Q,PORA1Q,2.148049328001712
PORA1R,PORA1R,2.148049328001712
PORA1S,PORA1S,2.148049328001712
PORA3-,PORA3-,6.444147984005136
PORD3-,PORD3-,8.926010215648692
PORH11,PORH11,75.4927661893809
PUDM41,PUDM41,24.944807787883892
PYLE11,PYLE11,24.558844690371096
QUER4A,QUER4A,7.861015075768123
QUER4B,QUER4B,7.861015075768123
QUOI1Q,QUOI1Q,1.1136963631206078
QUOI5-,QUOI5-,2.2273927262412156
RACO21,RACO21,76.48360873357232
RACO22,RACO22,76.48360873357232
RACW31,RACW31,76.48360873357232
RACW32,RACW32,38.24180436678616
RACW33,RACW33,76.48360873357232
RACW34,RACW34,38.24180436678616
RAIN11,RAIN11,47.28653282334662
RAIN12,RAIN12,23.64326641167331
RAMW3A,RAMW3A,132.26965270164166
RAMW3B,RAMW3B,132.26965270164166
RANN3Q,RANN3Q,0.05399021149071856
RASS11,RASS11,44.62592169164724
RATS11,RATS11,75.7838571674807
RATS12,RATS12,37.89192858374035
RATS2A,RATS2A,37.89192858374035
RAYM11,RAYM11,78.68173487913819
REBR31,REBR31,32.96009409644498
REBR32,REBR32,32.96009409644498
REDH3-,REDH3-,6.433322354765586
REDM3-,REDM3-,10.767272581043715
RHIG41,RHIG41,44.3072513637896
RICH11,RICH11,11.823856316466452
ROCH11,ROCH11,63.55705074176039
ROCH12,ROCH12,21.185683580586797
ROCK1A,ROCK1A,38.66501145269624
RORE31,RORE31,31.30116363172997
RORW31,RORW31,31.30116363172997
ROTI2K,ROTI2K,3.0054551063145523
ROTI3-,ROTI3-,6.0109102126291045
ROWD41,ROWD41,36.11748015161742
ROWD42,ROWD42,36.11748015161742
ROWD4A,ROWD4A,21.32012126917436
ROWD4B,ROWD4B,21.32012126917436
RREW11,RREW11,15.650581815864985
RRWW11,RRWW11,15.650581815864985
RUGE11,RUGE11,52.24993815079641
RYEH11,RYEH11,61.8284334257122
RYEH12,RYEH12,61.8284334257122
RYEH13,RYEH13,61.8284334257122
RYEH4A,RYEH4A,30.9142167128561
RYEH4B,RYEH4B,30.9142167128561
RYHA4A,RYHA4A,17.155017572609953
RYHA4B,RYHA4B,44.611068689187775
SACO3J,SACO3J,7.772354803381958
SACO3K,SACO3K,2.3020976945668092
SAEN11,SAEN11,77.212386551917
SAES21,SAES21,38.6061932759585
SAFO41,SAFO41,39.73698450400924
SAKN1-,SAKN1-,4.029014727660951
SALH11,SALH11,63.08356705733445
SALH41,SALH41,31.541783528667224
SALH42,SALH42,31.541783528667224
SALL11,SALL11,23.665709370095794
SALL12,SALL12,23.665709370095794
SANX3-,SANX3-,10.617852725408722
SASA11,SASA11,24.20009160100938
SEAB11,SEAB11,70.15842891267481
SELL11,SELL11,19.243702916772833
SELL12,SELL12,9.621851458386416
SELL13,SELL13,9.621851458386416
SELL4B,SELL4B,9.621851458386416
SELL4C,SELL4C,9.621851458386416
SELL4D,SELL4D,9.621851458386416
SELL4E,SELL4E,9.621851458386416
SELL4F,SELL4F,9.621851458386416
SFEG1S,SFEG1S,0.6634948643657691
SFEG1T,SFEG1T,0.6634948643657691
SFEG5-,SFEG5-,1.9904845930973072
SFEM5J,SFEM5J,1.3922585453055611
SFEM5K,SFEM5K,1.3922585453055611
SFER1J,SFER1J,1.3875391189495643
SFER1K,SFER1K,1.3875391189495643
SFER1L,SFER1L,0.6961292726527806
SFER1M,SFER1M,0.6961292726527806
SFIL5-,SFIL5-,1.2028472759892757
SGRO21,SGRO21,3.7622706801609573
SGRO22,SGRO22,3.7622706801609573
SGRO23,SGRO23,3.7622706801609573
SGRW61,SGRW61,3.7622706801609573
SGRW62,SGRW62,3.7622706801609573
SHBA41,SHBA41,22.347302040997764
SHEC31,SHEC31,19.913294469800906
SHEE11,SHEE11,15.96020875497282
SHIN3-,SHIN3-,0.33682431772302196
SHIN5-,SHIN5-,0.16841215886151098
SHRE11,SHRE11,47.23737142515672
SHRE4A,SHRE4A,23.61868571257836
SHRU3A,SHRU3A,9.143688109679802
SHRU3B,SHRU3B,9.143688109679802
SHUR41,SHUR41,15.906924331835166
SIGH3A,SIGH3A,22.318283681297952
SING41,SING41,32.67435849302895
SIZE11,SIZE11,67.75339544380809
SIZE12,SIZE12,33.876697721904044
SIZE1A,SIZE1A,33.876697721904044
SIZE1B,SIZE1B,33.876697721904044
SJOW11,SJOW11,40.50366005541426
SJOW12,SJOW12,40.50366005541426
SJOW13,SJOW13,40.50366005541426
SKLG11,SKLG11,45.67890908021591
SLKB1J,SLKB1J,5.300039094671538
SLKB1K,SLKB1K,5.300039094671538
SLKB1L,SLKB1L,3.2263261088357877
SLKB1M,SLKB1M,3.2263261088357877
SLOY1A,SLOY1A,0.17996737163572848
SLOY1B,SLOY1B,0.17996737163572848
SLOY1C,SLOY1C,0.17996737163572848
SLOY1D,SLOY1D,0.17996737163572848
SLOY1E,SLOY1E,0.17996737163572848
SLOY1F,SLOY1F,0.17996737163572848
SLOY1J,SLOY1J,0.17996737163572848
SLOY1K,SLOY1K,0.17996737163572848
SLOY1T,SLOY1T,0.17996737163572848
SLOY5L,SLOY5L,0.35993474327145697
SLOY5M,SLOY5M,0.35993474327145697
SLOY5N,SLOY5N,0.35993474327145697
SLOY5P,SLOY5P,0.35993474327145697
SMAN11,SMAN11,54.47643544681499
SMAN12,SMAN12,27.238217723407494
SMEA1-,SMEA1-,13.556379509121708
SMEA4Q,SMEA4Q,4.367062667600199
SNQR3-,SNQR3-,4.029014727660951
SOKY1-,SOKY1-,4.029014727660951
SPAV3-,SPAV3-,7.616754122450642
SPEN11,SPEN11,77.6092118609551
SPIT1J,SPIT1J,3.936170039966271
SPIT1K,SPIT1K,2.1635740262390257
SPIT1M,SPIT1M,2.002267901522782
SPIT2R,SPIT2R,0.16130612471624364
SPLN41,SPLN41,36.07333163651231
SSAW31,SSAW31,47.33141874019159
SSAW32,SSAW32,23.665709370095794
SSBW31,SSBW31,47.33141874019159
SSBW32,SSBW32,23.665709370095794
SSHI31,SSHI31,25.442879167456443
STAH11,STAH11,35.81296855614995
STAL11,STAL11,89.1183896328368
STAL4B,STAL4B,29.706129877612263
STAY4A,STAY4A,43.62348870461477
STEN11,STEN11,60.89134996193842
STES11,STES11,17.95990620836289
STHA3-,STHA3-,21.835313338000994
STIR3-,STIR3-,10.840075796789662
STLE3S,STLE3S,6.318392040838647
STOB11,STOB11,69.06287972562772
STRB3W,STRB3W,1.4579663058176422
STRI3-,STRI3-,3.5498564055147455
STRL3P,STRL3P,0.9896125021050525
STRL3Q,STRL3Q,0.49480625105252624
STRL3R,STRL3R,0.49480625105252624
STRW1C,STRW1C,1.0348123869054389
STRW31,STRW31,2.0696247738108777
STSB4A,STSB4A,49.137603399249755
STWB4Q,STWB4Q,7.286465123912772
STWB4R,STWB4R,7.286465123912772
STYC11,STYC11,21.811744352307386
STYC12,STYC12,21.811744352307386
SUND11,SUND11,158.36501524613578
SUND31,SUND31,52.7883384153786
SWAN11,SWAN11,195.5482701840332
SWAN12,SWAN12,97.7741350920166
SWAN21,SWAN21,48.8870675460083
SWAN42,SWAN42,48.8870675460083
TARL3-,TARL3-,4.130251179039969
TAUN11,TAUN11,44.95220941889135
TAYN3-,TAYN3-,8.206929124823581
TEAL1-,TEAL1-,7.622628548966427
TELR3-,TELR3-,6.31765693784865
TEMP31,TEMP31,27.205842986979178
THAW11,THAW11,5.911928158233226
THAW12,THAW12,5.911928158233226
THOM2A,THOM2A,20.44967337808139
THOM61,THOM61,30.674510067122085
THOW31,THOW31,11.823856316466452
THOW32,THOW32,11.823856316466452
THOW33,THOW33,5.911928158233226
THOW34,THOW34,5.911928158233226
THTO41,THTO41,30.469658680140466
THTO42,THTO42,28.974683582860177
THTO43,THTO43,26.313288004813856
THUR2A,THUR2A,19.739156107468897
THUR61,THUR61,39.478312214937795
THUS3-,THUS3-,5.174061934527194
TILB11,TILB11,92.10857455592364
TILB12,TILB12,23.02714363898091
TILB13,TILB13,46.05428727796182
TILB14,TILB14,23.02714363898091
TINP31,TINP31,104.6172353444681
TINP32,TINP32,34.87241178148937
TKNE61,TKNE61,51.28645476040405
TKNO21,TKNO21,51.28645476040405
TKNO22,TKNO22,51.28645476040405
TKNW61,TKNW61,51.28645476040405
TODD3-,TODD3-,2.7973410253997986
TODP61,TODP61,27.214678209523957
TOMT1J,TOMT1J,5.174185493010565
TOMT1K,TOMT1K,4.81559777537
TOMT1L,TOMT1L,1.9616443508294408
TOMT1M,TOMT1M,1.9616443508294408
TONG1R,TONG1R,1.5521150336246667
TONG3-,TONG3-,0.5173716778748889
TONG5-,TONG5-,0.5173716778748889
TORN1-,TORN1-,5.134824585360825
TOTT11,TOTT11,72.61234179271628
TOTT12,TOTT12,72.61234179271628
TOTT2A,TOTT2A,24.20411393090543
TOTT2B,TOTT2B,24.20411393090543
TRAW11,TRAW11,31.1402296301263
TREM31,TREM31,29.171303349452835
TREU4A,TREU4A,19.99568245796456
TREU4B,TREU4B,19.99568245796456
TRLO3-,TRLO3-,4.029014727660951
TUMB5-,TUMB5-,3.1162961878293665
TUMM1J,TUMM1J,0.9896125021050525
TUMM1K,TUMM1K,0.9896125021050525
TUMM4-,TUMM4-,0.49480625105252624
TWNE11,TWNE11,132.26965270164166
TWNE12,TWNE12,132.26965270164166
TYNE11,TYNE11,37.08108923833276
TYNE51,TYNE51,37.08108923833276
UPPB11,UPPB11,20.628537273997125
UPPB31,UPPB31,20.628537273997125
USKM11,USKM11,11.283031683163705
USKM12,USKM12,11.283031683163705
USKM2A,USKM2A,11.283031683163705
USKM2B,USKM2B,11.283031683163705
WAAO11,WAAO11,3.1044371607156602
WAAO1A,WAAO1A,3.1044371607156602
WAAW31,WAAW31,6.2088743214313205
WAAW32,WAAW32,3.1044371607156602
WABO11,WABO11,11.937656185383316
WABO1A,WABO1A,11.937656185383316
WABW31,WABW31,23.875312370766633
WABW32,WABW32,11.937656185383316
WACW31,WACW31,6.2088743214313205
WACW32,WACW32,3.1044371607156602
WADW31,WADW31,6.2088743214313205
WADW32,WADW32,3.1044371607156602
WALP11,WALP11,76.48360873357232
WALX21,WALX21,90.10666020223151
WALX22,WALX22,28.278226776519315
WARL11,WARL11,42.01390663460191
WASF1A,WASF1A,20.63917601122904
WASF1B,WASF1B,20.63917601122904
WATS11,WATS11,62.717967175642194
WATS12,WATS12,20.905989058547398
WBOL61,WBOL61,34.85641201379316
WBUR11,WBUR11,38.92508740050091
WBUR12,WBUR12,19.462543700250453
WBUR41,WBUR41,19.462543700250453
WDSO11,WDSO11,6.2088743214313205
WDSO12,WDSO12,6.2088743214313205
WDSW31,WDSW31,6.2088743214313205
WDSW32,WDSW32,6.2088743214313205
WEAV71,WEAV71,19.33250572634812
WERO11,WERO11,115.81857982787551
WERW31,WERW31,77.212386551917
WERW32,WERW32,38.6061932759585
WFIB2-,WFIB2-,2.61650560446472
WFIE3-,WFIE3-,11.60575647156677
WGEO3-,WGEO3-,9.76677302462044
WHAM11,WHAM11,42.33206242106049
WHAM12,WHAM12,21.166031210530246
WHAM4A,WHAM4A,21.166031210530246
WHAM4B,WHAM4B,21.166031210530246
WHGA11,WHGA11,44.40841767070575
WHHO3-,WHHO3-,12.08967930667914
WHIB1A,WHIB1A,2.047513416085472
WHIB1B,WHIB1B,2.047513416085472
WHIB1C,WHIB1C,2.047513416085472
WHIB1D,WHIB1D,2.047513416085472
WHIB1E,WHIB1E,2.047513416085472
WHIB1F,WHIB1F,2.047513416085472
WHIB1G,WHIB1G,2.8324160809212557
WHIB1H,WHIB1H,3.3158965125276585
WHLL3-,WHLL3-,4.029014727660951
WHSO31,WHSO31,22.56606336632741
WHSO32,WHSO32,32.8681781812743
WHSO4A,WHSO4A,12.400689126387997
WHTB1S,WHTB1S,0.919840699950631
WHTB1T,WHTB1T,0.919840699950631
WHTL3-,WHTL3-,2.788946747728672
WIBA31,WIBA31,35.2832502984175
WIEN11,WIEN11,29.920786802154836
WILL11,WILL11,97.96984042706126
WILL12,WILL12,36.880058174155785
WIMB11,WIMB11,78.52022059885472
WIMB12,WIMB12,26.173406866284907
WIMB2A,WIMB2A,26.173406866284907
WIOW3-,WIOW3-,7.506954540554752
WISD11,WISD11,56.16280982710011
WISD2A,WISD2A,14.040702456775028
WISD61,WISD61,14.040702456775028
WISH1-,WISH1-,13.44915306792685
WISH3-,WISH3-,4.483051022642283
WISH3S,WISH3S,4.483051022642283
WISH3T,WISH3T,4.483051022642283
WIYH1-,WIYH1-,1.9411915839934366
WIYH2R,WIYH2R,1.3492707646073725
WLEE3A,WLEE3A,4.93678483137487
WLEE3B,WLEE3B,2.468392415687435
WLEE3C,WLEE3C,2.468392415687435
WLEX3A,WLEX3A,4.93678483137487
WLEX3B,WLEX3B,2.468392415687435
WLEX3C,WLEX3C,2.468392415687435
WMEL11,WMEL11,86.11507674301738
WMEL12,WMEL12,43.05753837150869
WOHI3-,WOHI3-,9.472847550411641
WOWE21,WOWE21,6.2088743214313205
WOWE22,WOWE22,6.2088743214313205
WTHU31,WTHU31,31.52148812097091
WTHU4C,WTHU4C,10.507162706990304
WTHU4D,WTHU4D,10.507162706990304
WTHU4E,WTHU4E,10.507162706990304
WTHU4F,WTHU4F,10.507162706990304
WWEY11,WWEY11,197.15557652353567
WWEY12,WWEY12,39.431115304707134
WWEY2A,WWEY2A,39.431115304707134
WYLF11,WYLF11,8.282527113513304
WYMO11,WYMO11,42.8028427496228
