bus0,bus1,OHL Length (km),Cable Length (km),Circuit Type,R (% on 100 MVA),X (% on 100 MVA),B (% on 100 MVA),Winter Rating (MVA),Spring Rating (MVA),Summer Rating (MVA),Autumn Rating (MVA)
ABBA1-,DYCE1J,0.0,7.8,Cable,0.1092,1.2324,10.14,173,158,158,158
ABNE1Q,ABNE1R,0.0,1.0,Cable,0.01,0.01,0.0,9999,9999,9999,9999
ABNE1Q,CHAR1-,24.5,0.0,OHL,2.49,5.66,1.22,132,123,106,123
ABNE1R,AMUL1G,28.099,0.001,Composite,2.8706,6.5818,1.397,132,123,106,123
ACHR1R,INVE1J,21.17,0.0,OHL,0.3387,3.9588,1.291,739,710,662,710
ACHR1R,PORA1S,14.23,0.0,OHL,0.2277,2.661,0.868,739,710,662,710
AIGA1Q,KIOR1Q,2.797,0.123,Composite,0.264,0.594,0.66,126,117,101,117
ALNE1Q,FYRI1J,0.0,2.1,Cable,0.06,0.202,2.547,156,142,142,142
ALNE1R,FYRI1K,0.0,2.1,Cable,0.06,0.202,2.547,156,142,142,142
AMUL1E,AMUL1F,0.0,8.62,Cable,0.2518,0.8041,10.215,153,129,129,129
AMUL1E,BUMU1R,17.8,0.0,OHL,1.8184,4.1692,0.885,132,123,106,123
AMUL1F,GRIF1S,6.85,0.0,OHL,0.7002,1.6054,0.341,132,123,106,123
AMUL1G,AMUL1H,0.0,8.62,Cable,0.2518,0.8041,10.215,153,129,129,129
AMUL1H,GRIF1T,6.85,0.0,OHL,0.7002,1.6054,0.341,132,123,106,123
ANSU1-,INVE1K,11.13,0.0,OHL,0.1781,2.0813,0.679,739,710,662,710
ANSU1-,PORA1Q,24.27,0.0,OHL,0.3883,4.5385,1.481,739,710,662,710
ARBR1Q,DENS1Q,14.5,0.0,OHL,1.3195,3.364,0.725,132,123,106,123
ARBR1R,DENS1R,14.5,0.0,OHL,1.3195,3.364,0.725,132,123,106,123
ARDK1-,INVE1J,9.0,0.0,OHL,0.92,2.1,0.44,132,123,106,123
ARDK1-,SLOY1T,10.0,0.0,OHL,1.02,2.33,0.49,132,123,106,123
ARMO1J,DUGR1Q,14.0,0.0,OHL,2.38,3.94,0.93,99,92,79,92
BEAT4-,BLHI4-,0.0,1.0,Cable,0.01,0.01,0.0,9999,9999,9999,9999
BEAU1J,BEAU1K,0.0,1.0,Cable,0.01,0.01,0.0,9999,9999,9999,9999
BEAU1J,BEAU1R,0.0,2.4,Cable,0.0315,0.197,3.941,265,263,263,263
BEAU1J,BEAU1T,0.0,0.22,Cable,0.01,0.0147,0.268,141,136,136,136
BEAU1J,CULL1Q,14.0,0.0,OHL,1.43,3.28,0.69,126,117,101,117
BEAU1J,DUCC1J,0.0,3.1,Cable,0.0219,0.1198,10.47,444,403,403,403
BEAU1K,BEAU1N,0.0,0.25,Cable,0.01,0.0167,0.305,141,136,136,136
BEAU1K,BEAU1S,0.0,2.4,Cable,0.0315,0.197,3.941,265,263,263,263
BEAU1K,DUCC1K,0.0,3.1,Cable,0.0219,0.1198,10.47,444,403,403,403
BEAU1K,KIOR1Q,1.24,0.06,Composite,0.13,0.29,0.06,126,117,101,117
BEAU1L,BEAU1P,0.0,1.74,Cable,0.0634,0.1599,2.062,152,140,140,140
BEAU1L,MOTA1R,29.67,0.0,OHL,3.0145,6.9027,1.469,132,123,106,123
BEAU1M,BEAU1Q,0.0,1.74,Cable,0.0634,0.1599,2.062,152,140,140,140
BEAU1M,MOTA1Q,29.67,0.0,OHL,3.0145,6.9027,1.469,132,123,106,123
BEAU1N,KNOC1J,17.1,0.0,OHL,1.5561,3.9843,0.855,132,123,106,123
BEAU1R,INNE1Q,13.4,0.0,OHL,0.6834,3.0016,0.697,241,230,210,230
BEAU1S,INNE1R,13.4,0.0,OHL,0.6834,3.0016,0.697,241,230,210,230
BEAU1T,KNOC1J,17.1,0.0,OHL,1.5561,3.9843,0.855,132,123,106,123
BEAU2J,BEAU2K,0.0,1.0,Cable,0.01,0.01,0.0,9999,9999,9999,9999
BEAU2J,FASN2-,24.288,1.012,Composite,0.069,1.025,7.23,1910,1830,1710,1830
BEAU2J,FYRI2J,30.5,0.0,OHL,0.183,1.6772,6.465,702,665,599,665
BEAU2J,KNOC2L,16.8,0.0,OHL,0.099,0.687,4.672,935,880,790,880
BEAU2K,FYRI2K,30.5,0.0,OHL,0.183,1.6772,6.465,702,665,599,665
BEAU2K,KNOC2M,16.8,0.0,OHL,0.099,0.687,4.672,935,880,790,880
BEAU4-,FAUG4J,48.6,0.0,OHL,0.063,0.931,29.386,2780,2670,2490,2670
BEIN11,CEAN1Q,0.87,0.0,OHL,0.099,0.205,0.042,254,247,237,247
BEIN11,MILW1S,2.8,0.0,OHL,0.319,0.66,0.135,254,247,237,247
BERB2Q,BLHI2J,46.26,0.0,OHL,0.2619,1.9044,12.613,935,880,790,880
BERB2Q,KNOC2J,46.98,0.0,OHL,0.266,1.934,12.809,935,880,790,880
BHLA11,GLEN1Q,0.0,7.8,Cable,0.1425,0.6104,28.363,230,217,217,217
BIHI1Q,CHAR1R,3.9,0.0,OHL,0.17,0.851,0.206,229,211,183,211
BIHI1Q,COUA1Q,14.6,0.0,OHL,0.7446,3.2704,0.753,241,230,210,230
BIHI1Q,TEAL1-,5.6,0.0,OHL,0.239,1.199,0.29,229,211,183,211
BIHI1R,CHAR1-,3.9,0.0,OHL,0.17,0.851,0.206,229,211,183,211
BIHI1R,COUA1R,14.6,0.0,OHL,0.7446,3.2704,0.753,241,230,210,230
BIHI1R,TEAL1-,5.6,0.0,OHL,0.239,1.199,0.29,229,211,183,211
BLHI1J,BLHI1K,0.0,1.0,Cable,0.01,0.01,0.0,9999,9999,9999,9999
BLHI1J,DORE11,23.45,0.0,OHL,1.171,5.295,1.286,241,230,210,230
BLHI1J,KEIT1K,0.0,3.26,Cable,0.0429,0.2582,4.733,176,176,176,176
BLHI1K,DORE12,23.45,0.0,OHL,1.171,5.297,1.318,241,230,210,230
BLHI1K,KEIT1J,0.0,3.26,Cable,0.0429,0.2582,4.733,176,176,176,176
BLHI2J,BLHI2K,0.0,1.0,Cable,0.01,0.01,0.0,9999,9999,9999,9999
BLHI2J,KEIT2Q,0.0,2.41,Cable,0.01,0.044,13.793,580,546,546,546
BLHI2J,KINT2K,50.85,0.0,OHL,0.298,2.08,14.14,935,880,790,880
BLHI2K,CAIN2-,9.77,0.0,OHL,0.0573,0.3997,2.717,935,880,790,880
BLHI2K,DAAS2-,33.02,0.0,OHL,0.187,1.3593,9.003,935,880,790,880
BLHI2K,KEIT2R,0.0,2.49,Cable,0.01,0.0456,14.286,580,546,546,546
BLHI2L,ROTI2J,35.36,0.0,OHL,0.1768,1.5558,9.335,1090,1030,925,1030
BLHI2M,ROTI2K,35.36,0.0,OHL,0.1768,1.5558,9.335,1090,1030,925,1030
BLHI4-,BLHI4R,0.0,1.0,Cable,0.01,0.01,0.0,1272,1272,1272,1272
BOAG1L,BOAG1Q,0.0,5.7,Cable,0.0362,0.8819,7.98,227,209,209,209
BOAG1L,TOMT1L,19.19,0.0,OHL,2.1877,4.3562,0.96,215,211,203,211
BOAG1M,BOAG1R,0.0,5.7,Cable,0.0362,0.8819,7.98,227,209,209,209
BOAG1M,TOMT1M,19.19,0.0,OHL,2.1877,4.3562,0.96,215,211,203,211
BOAG1P,BOAG1Q,0.0,8.4,Cable,0.0558,1.271,11.48,227,209,209,209
BOAG1P,GLFA1-,24.82,0.0,OHL,2.5189,5.7753,1.228,126,117,101,117
BONB2J,BRCW2K,10.1,0.0,OHL,0.028,0.409,2.886,1910,1830,1710,1830
BONB4-,TUMM4-,72.9,0.0,OHL,0.094,1.396,44.078,2780,2670,2480,2670
BRCW2J,BRCW2K,0.0,1.0,Cable,0.01,0.01,0.0,9999,9999,9999,9999
BRCW2J,TUMM2K,62.8,0.0,OHL,0.172,2.544,17.947,1910,1830,1710,1830
BREC1Q,BREC1R,0.0,1.0,Cable,0.01,0.01,0.0,9999,9999,9999,9999
BREC1Q,BRID1Q,5.1,0.0,OHL,0.61,1.21,0.25,112,104,90,104
BREC1Q,FIDD1B,30.4,0.0,OHL,3.13,6.52,2.66,112,104,90,104
BREC1R,BRID1R,5.1,0.0,OHL,0.61,1.21,0.25,112,104,90,104
BREC1R,DENS1Q,26.1,0.0,OHL,3.08,6.33,1.29,112,104,90,104
BROA1Q,EDIN1-,44.9,0.0,OHL,6.014,9.963,2.332,99,92,79,92
BROA1Q,QUOI1Q,63.4,0.0,OHL,8.99,14.87,3.11,99,92,79,92
BROR1-,BROR1Q,1.1,0.0,OHL,0.12,0.27,0.06,126,117,101,117
BROR1Q,DUBE1Q,38.800000000000004,0.0,OHL,3.94,9.01,1.91,126,117,101,117
BROR1Q,LOCB1K,22.12,0.0,OHL,2.2511,5.1536,1.096,126,117,101,117
BUMU1Q,BUMU1R,0.0,1.0,Cable,0.01,0.01,0.0,9999,9999,9999,9999
BUMU1Q,CHAR1-,42.2,0.0,OHL,4.29,9.76,2.1,132,123,106,123
CAAD1Q,CRSS1J,13.08,0.0,OHL,0.3091,2.7749,0.721,448,430,398,430
CAAD1R,CRSS1K,13.08,0.0,OHL,0.3091,2.7749,0.721,448,430,398,430
CAIN2-,KINT2J,41.08,0.0,OHL,0.2407,1.6803,11.423,935,880,790,880
CASS1Q,DLCH1A,28.0,0.0,OHL,2.84,6.75,1.33,111,103,89,103
CHAR1-,CHAR1R,0.0,1.0,Cable,0.01,0.01,0.0,229,211,183,211
CHAR1-,CHAR1S,0.0,1.0,Cable,0.01,0.01,0.0,126,117,101,117
CHAR1-,CHAR1T,0.0,1.0,Cable,0.01,0.01,0.0,126,117,101,117
CHAR1S,GLAG1Q,1.4,0.91,Composite,0.1697,0.3805,1.708,126,117,101,117
CHAR1S,LYND1Q,1.9,0.0,OHL,0.2,0.45,0.1,126,117,101,117
CHAR1T,GLAG1R,1.4,0.91,Composite,0.1697,0.3805,1.708,126,117,101,117
CHAR1T,LYND1R,1.9,0.0,OHL,0.2,0.45,0.1,126,117,101,117
CLAC1Q,INVE1J,8.4,0.0,OHL,0.85,1.95,0.41,126,117,101,117
CLAC1Q,SLOY1F,13.0,0.0,OHL,1.3183,3.0212,0.641,132,123,106,123
CLAY1Q,REDM1Q,0.0,4.8,Cable,0.19,0.28,9.82,120,100,100,100
CLAY1Q,WIOW1Q,0.0,2.1,Cable,0.0474,0.1253,2.897,155,129,129,129
CLAY1R,REDM1R,0.0,4.8,Cable,0.19,0.28,9.82,120,100,100,100
CLAY1R,WIOW1R,0.0,2.1,Cable,0.0474,0.1253,2.897,155,129,129,129
CLUN1Q,CLUN1S,0.0,1.0,Cable,0.01,0.01,0.0,126,117,101,117
CLUN1R,CLUN1T,0.0,1.0,Cable,0.01,0.01,0.0,126,117,101,117
CLUN1S,COUA1Q,38.1,0.0,OHL,1.9301,8.5468,1.966,241,230,210,230
CLUN1S,ERRO1K,15.4,0.0,OHL,1.406,3.58,0.764,126,117,101,117
CLUN1T,COUA1R,38.1,0.0,OHL,1.9301,8.5468,1.966,241,230,210,230
CLUN1T,ERRO1J,15.4,0.0,OHL,1.406,3.58,0.764,126,117,101,117
COGA1-,COGA1C,13.9,0.0,OHL,0.7002,2.8782,0.778,241,230,210,230
COGA1C,FARI1J,0.0,4.11,Cable,0.065,0.334,6.245,220,209,209,209
CONN1C,CONN1J,0.0,0.76,Cable,0.0161,0.0631,1.035,200,178,178,178
CONN1C,STRW1C,12.0,0.0,OHL,0.605,2.485,0.672,241,230,210,230
CONN2J,DOUN2-,10.34,0.0,OHL,0.0621,0.5689,2.193,702,665,599,665
CONN2J,LOCB2J,76.071,0.269,Composite,0.458,4.1987,16.184,702,665,599,665
CORI1J,CORI1K,0.0,1.0,Cable,0.01,0.01,0.0,9999,9999,9999,9999
CORI1J,CORI1P,0.0,0.71,Cable,0.0216,0.0662,0.84,126,116,116,116
CORI1J,LUIC1Q,10.43,0.0,OHL,0.2443,2.2748,0.551,464,446,414,446
CORI1K,CORI1Q,0.0,0.63,Cable,0.0191,0.0586,0.742,126,116,116,116
CORI1K,LUIC1R,10.35,0.0,OHL,0.2425,2.2577,0.547,464,446,414,446
CORI1P,MOSS1S,1.45,0.0,OHL,0.074,0.3248,0.075,224,211,189,211
CORI1Q,MOSS1T,1.45,0.0,OHL,0.074,0.3248,0.075,224,211,189,211
CRAI1-,CRAI1P,0.0,1.1,Cable,0.0309,0.0973,1.456,149,137,137,137
CRAI1-,CRAI1Q,0.0,1.0,Cable,0.01,0.01,0.0,145,131,116,131
CRAI1-,CRAI1R,0.0,1.1,Cable,0.0309,0.0973,1.456,149,137,137,137
CRAI1-,FOGG1Q,4.7,0.0,OHL,0.485,1.057,0.221,132,123,106,123
CRAI1-,FOGG1R,4.7,0.0,OHL,0.485,1.057,0.221,132,123,106,123
CRAI1-,REDM1R,6.8,0.0,OHL,0.48,1.53,0.34,157,146,126,146
CRAI1-,WOHI1Q,0.0,3.5,Cable,0.15,0.22,7.5,130,120,120,120
CRAI1-,WOHI1R,0.0,3.5,Cable,0.15,0.22,7.5,130,120,120,120
CRAI1P,KINT1P,17.5,0.0,OHL,0.8925,3.92,0.903,241,230,210,230
CRAI1Q,REDM1Q,6.8,0.0,OHL,0.48,1.53,0.34,157,146,126,146
CRAI1R,KINT1R,17.5,0.0,OHL,0.8925,3.92,0.903,241,230,210,230
CREA1-,CREA1B,4.0,0.0,OHL,0.2,0.828,0.224,203,193,176,193
CREA1A,CREA1B,0.0,1.4,Cable,0.0149,0.0892,2.161,306,253,253,253
CREA1A,DLCH1B,16.6,0.0,OHL,0.83,3.4362,0.93,203,193,176,193
CRSS1J,CRSS1K,0.0,1.0,Cable,0.01,0.01,0.0,9999,9999,9999,9999
CRSS1Q,PORA1R,48.3,0.0,OHL,6.8386,11.356,2.352,99,99,99,99
CRSS1R,PORA1S,48.3,0.0,OHL,6.8386,11.356,2.352,99,99,99,99
CRSS2A,CRSS2C,0.0,1.61,Cable,0.0178,0.0531,4.45,240,240,240,240
CRSS2B,CRSS2D,0.0,1.66,Cable,0.0178,0.056,4.57,240,240,240,240
CRSS2C,HUNN2C,0.0,38.1,Cable,0.6045,1.1463,76.848,240,240,240,240
CRSS2D,HUNN2D,0.0,38.5,Cable,0.6157,1.1674,78.263,240,240,240,240
CULL1Q,DEAN1Q,9.0,0.0,OHL,0.93,2.12,0.45,126,117,101,117
DAAS2-,KNOC2K,60.22,0.0,OHL,0.341,2.479,16.419,935,880,790,880
DENS1Q,TEAL1-,8.7,0.0,OHL,0.3393,1.9053,0.461,183,160,149,160
DENS1R,TEAL1-,8.7,0.0,OHL,0.3393,1.9053,0.461,183,160,149,160
DLCH1A,DLCH1B,0.0,1.0,Cable,0.01,0.01,0.0,9999,9999,9999,9999
DLCH1A,LOCB1L,17.0,0.0,OHL,0.3992,3.7085,0.898,464,446,414,446
DLCH1B,LOCB1M,17.0,0.0,OHL,0.3992,3.7085,0.898,464,446,414,446
DOUN2-,GORW2-,58.1,0.0,OHL,0.3486,3.196,12.32,702,665,599,665
DOUN2-,THUS2J,15.4,0.0,OHL,0.077,0.847,3.28,965,925,865,925
DOUN2-,THUS2K,15.4,0.0,OHL,0.077,0.847,3.28,965,925,865,925
DUBE1Q,MYBS1R,20.8,0.0,OHL,2.12,4.86,1.03,126,117,101,117
DUCC1J,ORRI1S,10.76,0.0,OHL,0.2526,2.3466,0.568,464,446,414,446
DUCC1K,ORRI1T,10.76,0.0,OHL,0.2526,2.3466,0.568,464,446,414,446
DUDH1Q,GLAG1Q,0.0,1.95,Cable,0.0585,0.1151,2.73,124,114,114,114
DUDH1Q,MILC1R,0.0,4.8,Cable,0.255,0.442,5.304,131,113,113,113
DUDH1R,GLAG1R,0.0,1.95,Cable,0.0585,0.1151,2.73,124,114,114,114
DUDH1R,MILC1V,0.0,4.8,Cable,0.255,0.442,5.304,131,113,113,113
DUGR1Q,EDIN1-,9.0,0.0,OHL,1.206,1.997,0.468,99,92,79,92
DUNM1-,DUNM1C,6.0,0.0,OHL,0.3023,1.2424,0.336,241,230,210,230
DUNM1C,FARI1K,0.0,4.07,Cable,0.064,0.28,6.175,210,196,196,196
DUNO1Q,WHTB1S,18.1,0.0,OHL,2.5159,4.0363,0.887,99,92,79,92
DUNO1R,WHTB1T,18.1,0.0,OHL,2.5159,4.0363,0.887,99,92,79,92
DYCE1J,DYCE1Q,1.93,0.0,OHL,0.0978,0.4332,0.33,241,230,210,230
DYCE1Q,DYCE1T,0.0,1.3,Cable,0.0455,0.0543,2.428,150,143,143,143
DYCE1R,DYCE1U,0.0,1.3,Cable,0.0455,0.0543,2.428,150,143,143,143
DYCE1T,KINT1T,10.17,0.0,OHL,0.5187,2.2781,0.525,241,230,210,230
DYCE1U,KINT1U,10.17,0.0,OHL,0.6335,2.2972,0.519,145,131,116,131
ELGI1L,ELGI1Q,0.0,1.8,Cable,0.0236,0.1477,2.956,251,252,252,252
ELGI1L,NAIR1Q,33.9,0.0,OHL,1.7289,7.5936,1.763,241,230,210,230
ELGI1M,ELGI1R,0.0,1.8,Cable,0.0236,0.1477,2.956,251,252,252,252
ELGI1M,NAIR1R,33.9,0.0,OHL,1.7289,7.5936,1.763,241,230,210,230
ELGI1Q,KEIT1-,27.4,0.0,OHL,1.3974,6.1376,1.425,241,230,210,230
ELGI1R,KEIT1-,27.4,0.0,OHL,1.3974,6.1376,1.425,241,230,210,230
ERRO1A,ERRO1J,0.0,1.0,Cable,0.01,0.01,0.0,240,240,240,240
ERRO1A,TUMM1J,0.0,1.33,Cable,0.014,0.098,2.572,300,280,280,280
ERRO1B,ERRO1K,0.0,1.0,Cable,0.01,0.01,0.0,240,240,240,240
ERRO1B,TUMM1K,0.0,1.3,Cable,0.013,0.095,2.51,300,280,280,280
ERRO1J,ERRO1K,0.0,1.0,Cable,0.01,0.01,0.0,9999,9999,9999,9999
ERRO1J,ERRO1T,0.0,1.0,Cable,0.01,0.01,0.0,9999,9999,9999,9999
ERRO1J,TUMB1R,1.0,0.0,OHL,0.1,0.22,0.05,126,117,101,117
ERRO1J,WHIB1A,4.87,0.0,OHL,0.4973,1.1403,0.242,132,123,106,123
ERRO1K,TUMB1Q,1.0,0.0,OHL,0.1,0.22,0.05,126,117,101,117
ERRO1K,WHIB1B,4.87,0.0,OHL,0.4973,1.1403,0.242,132,123,106,123
ERRO1T,KIIN1-,36.9,0.0,OHL,3.75,8.58,1.82,132,123,106,123
FAAR1Q,TOMT1K,7.2,0.0,OHL,0.6544,1.6631,0.361,132,123,106,123
FAAR1R,TOMT1J,7.2,0.0,OHL,0.6544,1.6631,0.361,132,123,106,123
FARI2J,FOYE2-,8.4,0.0,OHL,0.0479,0.3363,2.358,935,880,790,880
FARI2J,KNOC2J,14.9,0.0,OHL,0.0851,0.5967,4.182,935,880,790,880
FARI2K,FOYE2-,8.4,0.0,OHL,0.0479,0.3363,2.358,935,880,790,880
FARI2K,KNOC2K,14.9,0.0,OHL,0.0851,0.5967,4.182,935,880,790,880
FASN2-,FAUG2J,24.384,1.016,Composite,0.069,1.029,7.259,1910,1830,1710,1830
FAUG1-,FAUG1M,0.0,0.29,Cable,0.01,0.0225,0.486,220,209,209,209
FAUG1-,FAUG1N,0.0,0.2,Cable,0.01,0.0157,0.339,220,209,209,209
FAUG1-,FAUG1P,0.0,0.59,Cable,0.01,0.0602,0.868,202,202,202,202
FAUG1-,FAUG1Q,0.0,1.0,Cable,0.01,0.012,0.002,126,117,101,117
FAUG1-,GLDO1G,0.0,6.0,Cable,0.21,0.47,5.91,127,127,127,127
FAUG1J,FAUG1K,0.0,1.0,Cable,0.01,0.01,0.0,9999,9999,9999,9999
FAUG1J,LAGG1Q,6.49,0.0,OHL,0.739,1.477,0.325,254,247,237,247
FAUG1K,LAGG1R,6.49,0.0,OHL,0.739,1.477,0.325,221,216,208,216
FAUG1M,LOCL1Q,8.5,0.0,OHL,0.969,1.9295,0.425,255,247,237,247
FAUG1N,LOCL1R,8.5,0.0,OHL,0.969,1.9295,0.425,255,247,237,247
FAUG1P,MILS1Q,0.0,5.41,Cable,0.2727,1.1208,0.303,203,193,176,193
FAUG2J,FAUG2K,0.0,1.0,Cable,0.01,0.01,0.0,9999,9999,9999,9999
FAUG2K,TUMM2J,77.2,0.0,OHL,0.211,3.128,22.063,1910,1830,1710,1830
FAUG4J,FAUG4K,0.0,1.0,Cable,0.01,0.01,0.0,9999,9999,9999,9999
FAUG4J,MELG4J,24.01,0.0,OHL,0.0311,0.4597,14.517,2780,2670,2490,2670
FERO1-,FERO1S,5.1,0.0,OHL,0.7089,1.0659,0.265,99,92,79,92
FERO1S,INVE1J,15.21,0.0,OHL,2.157,3.571,0.744,99,92,79,92
FERO1S,TAYN1R,7.49,0.0,OHL,1.063,1.759,0.366,99,92,79,92
FETT2P,FETT2R,0.0,1.0,Cable,0.01,0.01,0.0,999,999,999,999
FETT2P,KINT2K,32.15,0.0,OHL,0.1624,1.4035,8.454,955,880,760,880
FETT2P,TEAL2K,83.55,0.0,OHL,0.4226,3.6513,21.994,955,880,760,880
FETT2Q,FETT2R,0.0,1.0,Cable,0.01,0.01,0.0,999,999,999,999
FETT2Q,KINB2J,137.33,0.0,OHL,0.6853,5.8914,35.895,955,885,760,885
FETT2Q,KINT2K,32.15,0.0,OHL,0.1624,1.4035,8.454,955,885,760,885
FIDD1B,FIDD1R,0.0,1.0,Cable,0.01,0.01,0.0,9999,9999,9999,9999
FIDD1Q,FIDD1R,0.0,1.0,Cable,0.01,0.01,0.0,9999,9999,9999,9999
FIDD1Q,FOGG1R,25.4,0.0,OHL,3.004,6.157,1.238,112,104,90,104
FINL1Q,KIIN1-,2.1,0.0,OHL,0.21,0.5,0.1,126,117,101,117
FOFO2-,TEAL2K,0.0,1.0,Cable,0.01,0.1,0.0,9999,9999,9999,9999
FOGG1Q,KINT1-,15.6,0.0,OHL,1.826,3.742,0.752,112,104,90,104
FOGG1Q,TARL1Q,34.6,0.0,OHL,3.12,7.98,1.7,132,123,106,123
FOGG1R,TARL1R,34.6,0.0,OHL,3.12,7.98,1.7,132,123,106,123
FOYE2-,FOYE2J,0.0,1.0,Cable,0.01,0.024,6.22,400,400,400,400
FRAS1Q,LUMB1Q,10.1,0.0,OHL,0.9,2.34,0.502,126,117,101,117
FRAS1R,LUMB1R,10.1,0.0,OHL,0.9,2.34,0.502,126,117,101,117
FWIL1Q,LOCL1Q,34.9,0.0,OHL,3.9786,7.9223,1.745,255,247,237,247
FWIL1R,LOCL1R,34.9,0.0,OHL,3.9786,7.9223,1.745,255,247,237,247
FWIL1R,LUND1-,9.3,0.0,OHL,0.849,2.16,0.463,136,129,118,129
FYRI1J,FYRI1K,0.0,1.0,Cable,0.01,0.01,0.0,9999,9999,9999,9999
FYRI2J,LOCB2K,35.93,0.0,OHL,0.2156,1.9762,7.617,702,665,599,665
FYRI2K,LOCB2J,35.93,0.0,OHL,0.2156,1.9762,7.617,702,665,599,665
GARB1Q,SLOY1K,14.899999999999999,0.0,OHL,1.45,3.31,0.7,132,123,106,123
GARB1R,SLOY1J,14.9,0.0,OHL,1.44,3.3,0.7,132,123,106,123
GARB1S,SLOY1J,14.899999999999999,0.0,OHL,1.45,3.31,0.7,132,123,106,123
GARB1T,SLOY1K,14.9,0.0,OHL,1.44,3.3,0.7,132,123,106,123
GLEN1Q,LAGG1Q,4.8,0.0,OHL,0.546,1.132,0.232,254,247,237,247
GLFA1-,KEIT1-,29.6,0.0,OHL,3.0087,6.8969,1.466,126,117,101,117
GLKO1-,TOMT1K,0.0,3.0,Cable,0.417,0.627,0.156,99,92,79,92
GLRB2-,TEAL2K,38.8,0.0,OHL,0.19,1.67,10.2,955,885,760,885
GORW2-,STRB2-,10.3,0.0,OHL,0.0618,0.5665,2.184,702,665,599,665
GRIF1S,WHIB1H,14.17,0.0,OHL,1.4476,3.3191,0.704,132,123,106,123
GRIF1T,WHIB1G,14.17,0.0,OHL,1.4476,3.3191,0.704,132,123,106,123
GRUB1Q,MOSS1S,2.73,0.0,OHL,0.1392,0.6115,0.142,224,211,189,211
GRUB1R,MOSS1T,2.73,0.0,OHL,0.1392,0.6115,0.142,224,211,189,211
INGA1Q,LOCL1Q,2.4,0.0,OHL,0.25,0.58,0.12,126,117,101,117
INNE1J,INNE1K,0.0,1.0,Cable,0.01,0.01,0.0,9999,9999,9999,9999
INNE1J,KNOC1J,0.0,4.57,Cable,0.1051,0.3818,6.326,158,150,150,150
INNE1K,INNE1L,0.0,1.0,Cable,0.01,0.01,0.0,9999,9999,9999,9999
INNE1L,KNOC1J,0.0,4.48,Cable,0.1042,0.3784,6.27,158,150,150,150
INNE1Q,SLKB1J,1.97,0.0,OHL,0.1005,0.4413,0.102,241,230,210,230
INNE1R,SLKB1K,1.97,0.0,OHL,0.1005,0.4413,0.102,241,230,210,230
INRU1Q,PEHE1-,6.8,0.0,OHL,0.69,1.57,0.33,150,142,128,142
INRU1Q,PEHG1Q,1.8,0.0,OHL,0.0918,0.4032,0.094,241,230,210,230
INRU1Q,SFER1L,6.1,0.0,OHL,0.3111,1.3664,0.317,241,230,210,230
INRU1R,PEHE1-,6.8,0.0,OHL,0.69,1.57,0.33,126,117,101,117
INRU1R,PEHG1R,1.8,0.0,OHL,0.0918,0.4032,0.094,241,230,210,230
INRU1R,SFER1M,6.1,0.0,OHL,0.3111,1.3664,0.317,241,230,210,230
INRU1S,PEHE1-,0.0,3.0,Cable,0.0687,0.2536,4.105,186,186,186,186
INRU1S,SFER1J,11.3,0.0,OHL,0.6,2.379,0.617,195,181,157,181
INVE1J,INVE1K,0.0,1.0,Cable,0.01,0.01,0.0,9999,9999,9999,9999
INVE1K,KILC1Q,15.1,0.0,OHL,2.15,3.55,0.74,99,92,79,92
INVE1K,SLOY1E,21.4,0.0,OHL,2.1684,4.9712,1.051,126,117,101,117
INVR1-,INVR1A,6.18,0.0,OHL,0.6294,1.4386,0.305,132,126,106,126
INVR1-,INVR1B,6.18,0.0,OHL,0.6294,1.4386,0.305,132,126,106,126
INVR1-,SLOY1K,11.22,0.0,OHL,1.14,2.614,0.55,132,126,106,126
INVR1-,SLOY1T,5.82,0.0,OHL,0.59,1.356,0.285,132,126,106,126
INVR1A,INVR1C,0.0,4.4,Cable,0.1393,0.4267,5.615,130,130,130,130
INVR1B,INVR1D,0.0,4.4,Cable,0.1396,0.4277,5.627,130,130,130,130
INVR1C,KIIN1-,23.0,0.0,OHL,2.3423,5.3538,1.134,132,126,106,126
INVR1D,KIIN1-,23.0,0.0,OHL,2.3423,5.3538,1.134,132,126,106,126
KEIT1J,MACD1Q,37.8,0.0,OHL,3.84,8.8,1.87,132,123,106,123
KEIT1K,MACD1R,37.77,0.0,OHL,3.84,8.8,1.87,132,123,106,123
KEIT3-,KEIT3A,0.0,1.0,Cable,0.01,0.01,0.0,9999,9999,9999,9999
KIIN1-,LOCH1-,2.4,0.0,OHL,0.25,0.58,0.12,126,117,101,117
KIIN1-,SFIL1Q,21.6,0.0,OHL,2.19,5.2,1.03,111,103,89,103
KILC1Q,NANT1Q,4.2,0.0,OHL,0.59,1.03,0.19,99,92,79,92
KILC1Q,TAYN1Q,7.6000000000000005,0.0,OHL,1.07,1.78,0.37,99,92,79,92
KILO1-,LUND1-,15.2,0.0,OHL,1.054,3.441,0.775,126,117,101,117
KINB2K,TEAL2J,86.18,0.0,OHL,0.4329,3.735,23.0,955,880,760,880
KINT1-,KINT1B,0.0,1.0,Cable,0.01,0.01,0.0,9999,9999,9999,9999
KINT1-,KINT1P,0.0,0.27,Cable,0.01,0.0154,0.354,148,140,140,140
KINT1-,KINT1R,0.0,0.26,Cable,0.01,0.0148,0.341,148,140,140,140
KINT1-,KINT1T,0.0,0.6,Cable,0.0135,0.0343,0.787,165,141,141,141
KINT1-,KINT1U,0.0,0.6,Cable,0.0135,0.0343,0.787,165,141,141,141
KINT2J,KINT2K,0.0,1.0,Cable,0.01,0.01,0.0,9999,9999,9999,9999
KINT2J,PERS2R,28.2,0.0,OHL,0.14,1.23,7.42,1090,1030,925,1030
KINT2J,ROTI2J,23.24,0.0,OHL,0.093,1.0226,6.135,1380,1320,1230,1320
KINT2J,TEAL2J,100.6,0.0,OHL,0.61,5.36,22.142,695,640,550,640
KINT2K,PEHE2R,50.4,0.0,OHL,0.26,2.19,13.22,1090,1030,920,1030
KINT2K,ROTI2K,23.24,0.0,OHL,0.093,1.0226,6.135,1380,1320,1230,1320
KINT2K,TEAL2K,100.6,0.0,OHL,0.61,5.36,22.142,695,640,550,640
KNOC2J,KNOC2K,0.0,1.0,Cable,0.01,0.01,0.0,9999,9999,9999,9999
KNOC2J,KNOC2L,0.0,1.47,Cable,0.01,0.042,8.36,930,900,900,900
KNOC2J,KNOC2N,0.0,0.51,Cable,0.01,0.0157,3.005,850,793,793,793
KNOC2K,KNOC2M,0.0,1.29,Cable,0.01,0.037,7.336,930,900,900,900
KNOC2K,KNOC2P,0.0,0.17,Cable,0.01,0.01,1.006,850,793,793,793
KNOC2N,TOMT2K,18.6,0.0,OHL,0.093,1.023,3.962,810,765,685,765
KNOC2P,TOMT2J,18.6,0.0,OHL,0.093,1.023,3.962,810,765,685,765
LAGG1R,MILW1S,5.7,0.0,OHL,0.648,1.344,0.276,254,247,237,247
LOCB1J,LOCB1K,0.0,1.0,Cable,0.01,0.01,0.0,9999,9999,9999,9999
LOCB1J,LOCB1L,0.0,0.83,Cable,0.0049,0.0635,1.489,373,373,373,373
LOCB1J,MYBS1Q,81.61,0.0,OHL,8.2998,19.0008,4.028,126,117,101,117
LOCB1J,SHIN1-,12.19,0.0,OHL,1.2402,2.8392,0.602,126,117,101,117
LOCB1K,LOCB1M,0.0,0.92,Cable,0.0055,0.0704,1.651,373,373,373,373
LOCB1K,SHIN1-,12.18,0.0,OHL,1.239,2.8364,0.604,126,117,101,117
LOCB2J,LOCB2K,0.0,1.0,Cable,0.01,0.01,0.0,9999,9999,9999,9999
LOCB2K,STRB2-,18.9,0.0,OHL,0.1134,1.0395,4.007,702,665,599,665
LOCL1S,MILS1Q,0.0,3.25,Cable,0.1638,0.6734,0.182,203,193,176,193
LOCL1S,QUOI1Q,18.3,0.0,OHL,0.9219,3.7893,1.025,241,230,210,230
LUIC1Q,ORRI1S,5.4,0.0,OHL,0.1271,1.1789,0.285,464,446,414,446
LUIC1R,ORRI1T,5.53,0.0,OHL,0.1301,1.2064,0.292,464,446,414,446
LUMB1Q,SFER1K,6.3,0.0,OHL,0.64,1.46,0.31,133,124,107,124
LUMB1Q,STRI1Q,7.9,0.0,OHL,0.71,1.84,0.395,133,124,107,124
LUMB1R,SFER1J,6.3,0.0,OHL,0.64,1.46,0.31,126,117,101,117
LUMB1R,STRI1R,7.9,0.0,OHL,0.71,1.84,0.395,126,117,101,117
LUNA1Q,TEAL1-,17.9,0.0,OHL,0.78,3.91,0.94,183,160,149,160
LUNA1R,TEAL1-,17.9,0.0,OHL,0.78,3.91,0.94,183,160,149,160
MELG1J,MELG1K,0.0,1.0,Cable,0.01,0.01,0.0,9999,9999,9999,9999
MELG1J,STRL1-,0.0,10.0,Cable,0.0752,0.806,18.176,317,277,277,277
MELG4J,MELG4K,0.0,1.0,Cable,0.01,0.01,0.0,9999,9999,9999,9999
MELG4J,TUMM4-,53.19,0.0,OHL,0.0689,1.0183,32.161,2780,2670,2480,2670
MILC1R,MILC1S,0.0,1.0,Cable,0.01,0.01,0.0,9999,9999,9999,9999
MILC1R,MILC1T,0.0,1.0,Cable,0.01,0.01,0.0,9999,9999,9999,9999
MILC1S,MILC1V,0.0,1.0,Cable,0.01,0.01,0.0,9999,9999,9999,9999
MILC1S,TEAL1-,6.8,0.0,OHL,0.29,1.48,0.36,183,160,149,160
MILC1T,TEAL1-,6.8,0.0,OHL,0.29,1.48,0.36,183,160,149,160
MILW1Q,MILW1S,1.3,0.0,OHL,0.065,0.2691,0.073,241,230,210,230
MORF2-,NEDE2K,0.0,1.0,Cable,0.01,0.01,0.0,9999,9999,9999,9999
MOSS1Q,MOSS1S,0.21,0.0,OHL,0.0191,0.0504,0.01,132,123,106,123
MOSS1R,MOSS1T,0.21,0.0,OHL,0.0191,0.0504,0.01,132,123,106,123
MOTA1Q,SHIN1-,31.2,0.0,OHL,3.37,7.72,1.64,132,123,106,123
MOTA1R,SHIN1-,31.2,0.0,OHL,3.37,7.72,1.64,126,117,101,117
MYBS1Q,SPIT1J,3.99,0.0,OHL,0.3643,0.9289,0.198,126,117,101,117
MYBS1R,SPIT1J,3.99,0.0,OHL,0.3643,0.9289,0.198,126,117,101,117
MYBS1S,SPIT1M,4.5,0.0,OHL,0.104,1.002,0.237,463,444,415,444
MYBS1T,SPIT1K,4.5,0.0,OHL,0.104,1.002,0.237,463,444,415,444
MYBS3M,MYBS3N,0.0,1.0,Cable,0.01,0.01,0.0,9999,9999,9999,9999
NAIR1Q,SLKB1L,26.33,0.0,OHL,1.3428,5.8979,1.369,241,230,210,230
NAIR1R,SLKB1M,26.33,0.0,OHL,1.3428,5.8979,1.369,241,230,210,230
NEDE2J,NEDE2K,0.0,1.0,Cable,0.01,0.01,0.0,9999,9999,9999,9999
NEDE2J,PEHE2-,30.04,0.0,OHL,0.1502,1.3215,7.929,1090,1030,925,1030
NEDE2J,ROTI2J,17.32,0.0,OHL,0.0866,0.7623,4.574,1090,1030,925,1030
NEDE2K,PEHE2Q,30.04,0.0,OHL,0.1502,1.3215,7.929,1090,1030,925,1030
NEDE2K,ROTI2K,17.32,0.0,OHL,0.0866,0.7623,4.574,1090,1030,925,1030
ORRI1Q,ORRI1S,0.0,1.0,Cable,0.01,0.01,0.0,126,117,101,117
ORRI1R,ORRI1T,0.0,1.0,Cable,0.01,0.01,0.0,126,117,101,117
PEHE2-,PEHE2Q,0.0,1.0,Cable,0.01,0.01,0.0,9999,9999,9999,9999
PEHE2-,PEHE2S,0.0,1.0,Cable,0.01,0.033,14.21,776,776,776,776
PEHE2-,PEHEMEC6,0.0,1.0,Cable,0.01,0.01,0.0,9999,9999,9999,9999
PEHE2-,PERS2Q,47.6,0.0,OHL,0.24,2.08,12.52,1090,1030,920,1030
PEHE2R,PEHERSV2,0.0,1.0,Cable,0.01,0.01,0.0,9999,9999,9999,9999
PEHE2T,PEHERSV1,0.0,1.0,Cable,0.01,0.032,13.51,776,776,776,776
PEHE2U,PEHEMEC5,0.0,1.0,Cable,0.01,0.021,5.25,313,313,313,313
PEHE2V,PEHEMEC3,0.0,1.0,Cable,0.01,0.021,5.25,313,313,313,313
PEHE2W,PEHEMEC1,0.0,1.0,Cable,0.01,0.021,5.25,313,313,313,313
PEHEMEC1,PEHEMEC2,0.0,1.0,Cable,0.01,0.01,0.0,9999,9999,9999,9999
PEHEMEC1,PEHEMEC6,0.0,1.0,Cable,0.01,0.01,0.0,9999,9999,9999,9999
PEHEMEC2,PEHEMEC3,0.0,1.0,Cable,0.01,0.01,0.0,9999,9999,9999,9999
PEHEMEC2,PEHERSV2,0.0,1.0,Cable,0.01,0.01,0.0,9999,9999,9999,9999
PEHEMEC3,PEHEMEC4,0.0,1.0,Cable,0.01,0.01,0.0,9999,9999,9999,9999
PEHEMEC4,PEHEMEC5,0.0,1.0,Cable,0.01,0.01,0.0,9999,9999,9999,9999
PEHEMEC4,PEHERSV1,0.0,1.0,Cable,0.01,0.01,0.0,9999,9999,9999,9999
PEHEMEC5,PEHEMEC6,0.0,1.0,Cable,0.01,0.01,0.0,9999,9999,9999,9999
PERS1Q,PERS1R,0.0,1.0,Cable,0.01,0.01,0.0,9999,9999,9999,9999
PERS1Q,WIOW1R,0.0,3.7,Cable,0.084,0.221,5.104,155,129,129,129
PERS1R,WIOW1Q,0.0,3.7,Cable,0.084,0.221,5.104,155,129,129,129
PERS2Q,PERS2R,0.0,1.0,Cable,0.01,0.01,0.0,9999,9999,9999,9999
PORA1Q,PORA1U,5.6,0.0,OHL,0.778,1.25,0.274,99,99,99,99
PORA1R,PORA1T,5.6,0.0,OHL,0.778,1.25,0.274,99,92,79,92
PORA1T,PORA1U,0.0,1.0,Cable,0.01,0.01,0.0,9999,9999,9999,9999
QUOI1-,QUOI1Q,1.6,0.0,OHL,0.12,0.28,0.05,150,142,128,142
RANN1Q,TUMB1Q,23.8,0.0,OHL,2.42,5.51,1.18,126,117,101,117
RANN1R,TUMB1R,23.8,0.0,OHL,2.42,5.51,1.18,126,117,101,117
ROTI2J,ROTI2K,0.0,1.0,Cable,0.01,0.01,0.0,9999,9999,9999,9999
SFEG1Q,SFEG1S,0.0,0.4,Cable,0.01,0.034,0.46,160,135,135,135
SFEG1Q,SFER1L,2.1,0.0,OHL,0.25,0.49,0.1,150,142,128,142
SFEG1R,SFEG1T,0.0,0.4,Cable,0.01,0.034,0.46,160,135,135,135
SFEG1R,SFER1M,2.1,0.0,OHL,0.25,0.49,0.1,150,142,128,142
SFEG1S,SFEG1T,0.0,1.0,Cable,0.01,0.01,0.0,100,100,100,100
SFEM1Q,SFER1L,1.9,1.1,Composite,0.382,0.557,1.871,132,122,106,122
SFEM1R,SFER1M,1.9,1.1,Composite,0.382,0.557,1.871,132,122,106,122
SFER1J,SFER1K,0.0,1.0,Cable,0.01,0.01,0.0,9999,9999,9999,9999
SFER1J,SFER1M,0.0,1.0,Cable,0.01,0.01,0.0,9999,9999,9999,9999
SFER1K,SFER1L,0.0,1.0,Cable,0.01,0.01,0.0,9999,9999,9999,9999
SFER1L,SFER1M,0.0,1.0,Cable,0.01,0.01,0.0,100,100,100,100
SLKB1J,SLKB1L,0.0,1.5,Cable,0.0159,0.0956,2.316,306,253,253,253
SLKB1K,SLKB1M,0.0,1.5,Cable,0.0159,0.0956,2.316,306,253,253,253
SLOY1A,SLOY1K,0.0,0.8,Cable,0.0054,0.124,1.12,213,190,190,190
SLOY1A,SLOY1M,0.49,0.01,Composite,0.05,0.1154,0.023,126,117,101,117
SLOY1B,SLOY1K,0.0,0.8,Cable,0.0054,0.124,1.12,213,190,190,190
SLOY1B,SLOY1L,0.49,0.01,Composite,0.05,0.1154,0.023,126,117,101,117
SLOY1C,SLOY1J,0.0,0.8,Cable,0.0054,0.124,1.12,213,190,190,190
SLOY1C,SLOY1N,0.6,0.0,OHL,0.0643,0.1457,0.03,126,117,101,117
SLOY1D,SLOY1J,0.0,0.8,Cable,0.0054,0.124,1.12,213,190,190,190
SLOY1D,SLOY1P,0.6,0.0,OHL,0.0643,0.1457,0.03,126,117,101,117
SLOY1E,SLOY1J,0.0,1.2,Cable,0.0082,0.186,1.68,213,190,190,190
SLOY1F,SLOY1K,0.0,1.2,Cable,0.0082,0.186,1.68,213,190,190,190
SLOY1J,SLOY1K,0.0,1.0,Cable,0.01,0.01,0.0,9999,9999,9999,9999
SLOY1J,SLOY1T,5.4,0.0,OHL,0.547,1.254,0.266,132,123,106,123
SPIT2J,SPIT2K,0.0,1.0,Cable,0.01,0.01,0.0,9999,9999,9999,9999
SPIT2J,THUS2J,12.1,0.0,OHL,0.0605,0.6655,2.577,965,925,865,925
SPIT2K,SPIT2R,0.0,1.0,Cable,0.01,0.01,0.0,960,960,960,960
SPIT2K,THUS2K,12.1,0.0,OHL,0.0605,0.6655,2.577,965,925,865,925
STRW12,STRW1C,0.0,0.35,Cable,0.01,0.0631,0.48,200,178,178,178
TEAL2J,TEAL2K,0.0,1.0,Cable,0.01,0.01,0.0,9999,9999,9999,9999
TEAL2J,WFIB2-,38.8,0.0,OHL,0.19,1.67,10.2,955,885,760,885
THUS1J,THUS1K,0.0,1.0,Cable,0.01,0.01,0.0,9999,9999,9999,9999
TOMT1J,TOMT1K,0.0,1.0,Cable,0.01,0.01,0.0,9999,9999,9999,9999
TOMT1J,TOMT1M,0.0,0.14,Cable,0.29,1.59,18.77,261,237,237,237
TOMT1K,TOMT1L,0.0,0.13,Cable,0.27,1.5,17.6,261,237,237,237
TUMM2J,TUMM2K,0.0,1.0,Cable,0.01,0.01,0.0,9999,9999,9999,9999
WHIB1A,WHIB1C,0.0,2.93,Cable,0.0896,0.2773,3.437,153,140,140,140
WHIB1B,WHIB1D,0.0,2.93,Cable,0.0896,0.2773,3.437,153,140,140,140
WHIB1C,WHIB1E,3.57,0.0,OHL,0.3644,0.8355,0.177,132,123,106,123
WHIB1D,WHIB1F,3.57,0.0,OHL,0.3644,0.8355,0.177,132,123,106,123
WHIB1E,WHIB1G,0.0,0.44,Cable,0.0134,0.0416,0.515,153,140,140,140
WHIB1F,WHIB1H,0.0,0.44,Cable,0.0134,0.0416,0.515,153,140,140,140
WIOW1Q,WOHI1Q,0.0,3.4,Cable,0.075,0.29,3.908,174,147,147,147
WIOW1R,WOHI1R,0.0,3.4,Cable,0.075,0.29,3.908,174,147,147,147
