Grid Supply Points,Name,2021 (MW),2022 (MW),2023 (MW),2024 (MW),2025 (MW),2026 (MW),2027 (MW),2028 (MW),2029 (MW),2030 (MW),2031 (MW),2032 (MW),2033 (MW),2034 (MW),2035 (MW),2036 (MW),2037 (MW),2038 (MW),2039 (MW),2040 (MW),2041 (MW),2042 (MW),2043 (MW),2044 (MW),2045 (MW),2046 (MW),2047 (MW),2048 (MW),2049 (MW),2050 (MW)
ABHA1,ABHA1,260.7,265.9,269.8,273.8,278.4,282.7,287.7,292.8,300.0,309.9,318.9,330.3,343.5,357.7,372.1,383.0,399.5,416.6,435.0,452.6,463.7,480.4,496.5,511.7,525.2,531.2,542.4,553.3,565.3,577.8
ABNE_P,ABNE_P,43.5,44.1,44.4,44.8,45.2,45.5,45.8,45.9,46.2,47.0,48.0,49.0,50.2,51.5,52.9,54.4,56.0,57.6,59.3,60.9,62.4,64.0,65.6,67.1,68.5,69.4,70.6,71.8,73.2,74.5
ABTH_1,ABTH_1,203.0,206.5,208.6,210.6,213.1,214.7,216.6,218.0,220.3,224.8,229.9,235.4,241.9,248.9,255.9,261.9,269.8,278.1,287.0,295.7,304.9,313.5,321.8,329.7,336.6,345.3,351.6,358.1,365.3,372.6
ACTL_2;CBNK_H;GREE_H;PERI_H,ACTL_2;CBNK_H;GREE_H;PERI_H,117.7,119.8,121.5,123.3,125.3,126.2,127.2,127.6,128.1,130.6,132.9,135.8,139.3,143.1,146.9,151.1,155.2,159.5,164.2,168.8,174.0,178.8,183.4,187.9,191.8,196.6,200.5,204.8,209.5,214.2
ALNE_P,ALNE_P,30.8,31.1,31.4,31.7,32.1,32.2,32.3,32.4,32.5,33.0,33.3,33.8,34.5,35.1,35.8,36.3,37.0,37.8,38.6,39.5,39.8,40.6,41.4,42.2,42.9,43.2,43.9,44.7,45.5,46.3
ALVE1,ALVE1,230.0,234.1,237.5,241.2,245.5,249.5,254.3,259.3,266.3,275.6,284.6,295.4,307.9,321.3,334.9,347.4,363.1,379.1,395.7,411.4,423.2,438.2,452.8,466.5,479.0,485.9,494.9,502.7,511.1,519.8
AMEM_1,AMEM_1,73.4,76.1,78.6,81.3,84.2,86.1,88.4,90.6,93.2,97.5,101.6,106.5,112.2,118.5,125.1,132.5,139.7,147.4,155.8,164.0,173.2,181.4,189.4,197.0,203.8,211.7,218.2,225.3,233.1,241.3
ARBR_P,ARBR_P,33.0,33.4,33.8,34.2,34.7,35.3,35.7,35.9,36.4,37.2,38.4,39.4,40.6,41.9,43.2,44.7,46.3,47.9,49.8,51.6,53.0,54.7,56.5,58.1,59.6,60.2,61.7,63.4,65.2,67.0
ARDK_P;CLAC_P,ARDK_P;CLAC_P,3.7,3.7,3.8,3.8,3.8,3.9,3.9,3.9,3.9,4.0,4.1,4.1,4.2,4.4,4.5,4.5,4.7,4.8,4.9,5.0,5.1,5.2,5.3,5.4,5.5,5.6,5.6,5.7,5.8,5.9
ARMO_P,ARMO_P,32.5,33.0,33.3,33.7,34.1,34.4,34.7,35.0,35.4,36.2,37.0,38.0,39.1,40.3,41.5,42.6,44.0,45.5,47.1,48.7,49.6,51.1,52.5,53.9,55.1,55.5,56.6,57.8,59.0,60.3
AXMI1,AXMI1,177.1,180.5,182.8,185.3,188.2,190.1,192.9,195.7,199.6,205.4,210.9,217.7,225.6,234.1,242.7,250.8,260.8,271.1,281.9,292.3,301.5,311.6,321.3,330.5,338.8,345.2,351.9,358.3,365.2,372.4
AYRR,AYRR,44.9,45.3,45.8,46.4,47.0,47.9,48.4,48.8,49.3,50.4,52.1,53.5,55.1,56.8,58.5,60.5,62.5,64.7,67.2,69.7,71.6,74.0,76.3,78.6,80.5,81.4,83.4,85.7,88.2,90.7
BAGA,BAGA,34.9,35.4,36.0,36.6,37.4,38.5,39.5,40.7,42.2,44.0,46.4,48.6,51.1,53.8,56.6,59.9,63.3,66.7,70.3,73.8,76.8,80.1,83.3,86.4,89.2,90.8,92.9,95.0,97.2,99.5
BAIN,BAIN,16.8,17.1,17.3,17.6,18.0,18.6,19.0,19.5,20.1,21.0,22.2,23.2,24.3,25.6,26.8,28.4,29.9,31.6,33.4,35.1,36.5,38.1,39.7,41.2,42.5,43.2,44.4,45.6,47.0,48.4
BARKC1;BARKW3,BARKC1;BARKW3,341.3,347.1,351.6,356.2,361.5,363.7,366.7,368.0,370.0,377.0,383.7,392.0,401.9,412.4,423.2,435.2,446.7,458.7,471.7,484.3,498.0,511.0,523.6,535.7,546.4,558.6,568.6,579.1,590.6,602.2
BEAU_P;ORRI_P,BEAU_P;ORRI_P,29.1,29.4,29.6,29.9,30.2,30.5,30.7,30.7,30.9,31.4,32.0,32.6,33.3,34.1,34.8,35.5,36.4,37.3,38.3,39.3,39.9,40.9,41.8,42.8,43.6,43.9,44.7,45.6,46.6,47.6
BEDDT1,BEDDT1,120.9,124.2,127.0,129.8,132.9,135.1,137.6,140.0,143.0,148.1,153.1,159.0,165.9,173.4,181.1,190.7,199.6,209.1,219.8,230.1,242.4,252.8,262.8,272.3,280.6,291.6,300.0,309.3,319.5,330.3
BEDD_1,BEDD_1,465.1,474.8,480.6,486.7,493.7,497.5,502.3,505.6,510.4,521.9,533.9,547.8,564.3,582.1,600.2,622.0,642.7,664.5,688.1,710.9,737.4,760.4,782.7,803.8,822.4,845.0,862.3,880.4,900.2,920.6
BERB_P;CAIF_P;DALL_P;GLEF_P;KEIT_P,BERB_P;CAIF_P;DALL_P;GLEF_P;KEIT_P,49.7,50.1,50.5,51.1,51.7,52.1,52.5,52.6,52.9,53.8,54.7,55.7,56.9,58.2,59.5,60.6,62.0,63.5,65.2,66.8,67.8,69.4,71.0,72.5,73.9,74.4,75.7,77.2,78.7,80.3
BERW,BERW,37.7,37.8,38.2,38.7,39.2,39.8,40.2,40.4,40.8,41.6,42.7,43.7,44.8,46.0,47.1,48.5,49.9,51.3,52.8,54.3,55.6,57.1,58.6,60.0,61.3,62.1,63.2,64.4,65.7,67.0
BESW_1,BESW_1,322.8,328.9,334.6,340.8,347.6,351.8,357.0,361.1,366.0,376.9,387.6,400.3,415.0,430.9,447.2,464.5,482.8,501.2,520.6,539.1,558.5,576.9,594.8,611.9,627.5,642.4,654.7,666.2,678.7,691.5
BICF_1,BICF_1,142.5,145.8,148.7,151.9,155.6,158.4,161.8,165.2,170.0,176.2,182.0,189.1,197.3,206.3,215.6,222.1,232.0,242.2,253.0,263.3,270.3,280.3,290.0,299.3,307.8,311.6,318.5,325.1,332.3,339.8
BIRK_1,BIRK_1,232.7,236.8,239.2,241.7,244.7,246.4,249.0,251.2,254.7,260.4,267.2,274.2,282.5,291.3,300.3,310.3,320.8,331.6,343.1,354.2,366.4,377.5,388.1,398.2,407.2,414.7,422.3,429.9,438.2,446.6
BISW_1,BISW_1,521.8,531.3,538.1,545.3,553.6,558.8,566.3,572.9,582.3,598.3,613.8,632.7,654.7,678.2,702.1,726.3,754.0,782.3,812.1,840.5,868.8,896.7,923.7,949.3,972.3,993.5,1011.8,1029.0,1047.7,1066.9
BLYTB1,BLYTB1,535.7,543.5,545.9,548.4,551.5,550.9,550.7,547.9,546.0,549.6,554.8,560.2,567.3,574.8,581.8,588.4,595.7,603.2,611.1,618.9,627.1,635.4,643.6,651.3,658.0,663.1,669.1,675.2,681.8,688.0
BLYTH132,BLYTH132,61.5,62.6,63.6,64.6,65.9,66.9,68.2,69.5,71.3,73.7,76.5,79.4,82.8,86.4,90.1,93.8,98.1,102.5,107.1,111.6,115.8,120.2,124.3,128.3,131.8,134.2,136.9,139.6,142.4,145.4
BOAG_P,BOAG_P,23.0,23.1,23.4,23.7,24.1,24.5,24.9,25.3,25.9,26.7,27.5,28.4,29.4,30.5,31.7,32.8,34.2,35.5,36.9,38.2,39.2,40.5,41.7,42.9,44.0,44.6,45.4,46.1,46.8,47.6
BOLN_1,BOLN_1,881.8,896.9,907.5,918.6,931.2,937.6,946.7,952.9,962.2,983.2,1003.5,1028.4,1057.9,1089.3,1121.1,1153.7,1189.6,1226.4,1265.6,1303.3,1341.4,1379.0,1415.5,1450.1,1481.1,1511.0,1537.2,1562.9,1591.0,1619.5
BONN,BONN,59.7,60.6,61.3,62.2,63.2,64.8,66.0,67.2,69.0,71.4,74.8,77.7,81.1,84.8,88.5,93.1,97.6,102.3,107.4,112.3,116.3,121.0,125.5,129.8,133.7,135.8,139.0,142.2,145.8,149.4
BOTW_1,BOTW_1,162.1,165.3,167.5,169.8,172.5,173.5,175.1,176.2,178.0,181.6,185.3,189.7,195.1,200.9,206.8,212.8,219.0,225.5,232.5,239.3,246.2,253.1,259.7,266.1,271.9,277.4,282.5,287.7,293.4,299.1
BRAC_P,BRAC_P,27.1,27.6,28.2,28.9,29.6,30.4,31.0,31.4,31.7,33.0,34.7,36.3,38.1,40.0,42.1,44.4,46.8,49.3,51.9,54.4,56.5,58.9,61.2,63.5,65.5,66.6,68.2,69.8,71.5,73.2
BRAI_1,BRAI_1,224.8,229.6,233.4,237.3,241.8,244.3,247.6,250.5,254.6,261.5,267.5,275.4,284.8,294.8,305.2,312.5,323.4,335.0,347.6,359.7,369.2,381.2,392.8,403.9,413.8,420.3,429.3,438.9,449.3,460.1
BRAP,BRAP,30.0,30.4,30.8,31.3,31.7,32.4,32.8,33.0,33.1,34.0,35.3,36.3,37.5,38.8,40.1,41.7,43.2,44.9,46.8,48.7,50.1,51.9,53.6,55.3,56.8,57.4,58.9,60.5,62.3,64.1
BRAW_1,BRAW_1,423.1,430.2,435.5,441.2,447.5,451.2,456.3,460.1,465.4,476.6,489.4,502.9,518.7,535.5,552.5,572.5,592.4,612.9,634.5,655.3,679.7,700.5,720.6,739.7,756.8,772.5,786.6,800.4,815.3,830.6
BRED_1,BRED_1,329.1,336.8,342.0,347.2,352.5,354.1,354.8,351.1,343.6,349.9,356.9,364.7,374.1,384.1,394.2,405.2,416.7,428.5,441.2,453.4,467.4,479.7,491.7,502.9,513.0,521.9,530.5,539.0,548.4,557.8
BRFO_1;CLT03,BRFO_1;CLT03,868.7,882.7,892.0,901.8,913.3,919.4,928.3,935.1,946.3,966.2,985.3,1009.0,1037.1,1067.1,1097.4,1124.0,1157.6,1191.7,1227.6,1262.0,1291.3,1325.2,1358.2,1389.4,1417.6,1438.1,1460.5,1481.5,1504.3,1527.2
BRID_P,BRID_P,27.9,28.2,28.6,29.0,29.5,30.1,30.6,31.1,31.8,32.8,34.0,35.2,36.6,38.1,39.6,41.4,43.2,45.1,47.1,49.1,50.6,52.5,54.3,56.1,57.6,58.6,59.9,61.2,62.7,64.2
BRIM_1,BRIM_1,343.0,349.4,353.3,357.4,362.1,363.7,365.9,366.2,367.0,373.3,380.1,388.1,397.7,408.1,418.6,429.7,441.0,452.4,464.2,475.6,487.6,499.2,510.5,521.3,531.2,540.2,548.0,555.2,563.0,570.7
BROA_P,BROA_P,15.4,15.5,15.7,15.8,16.0,16.2,16.3,16.4,16.6,16.9,17.3,17.6,18.1,18.6,19.1,19.6,20.1,20.7,21.3,21.9,22.3,22.9,23.4,24.0,24.5,24.7,25.1,25.5,25.9,26.4
BROR_P,BROR_P,7.5,7.6,7.6,7.7,7.8,7.9,8.0,8.1,8.2,8.4,8.6,8.8,9.1,9.3,9.6,9.9,10.2,10.5,10.8,11.1,11.3,11.7,12.0,12.2,12.5,12.7,12.9,13.1,13.3,13.5
BROX,BROX,50.2,51.0,51.8,52.6,53.6,55.1,56.2,57.2,58.6,60.8,63.8,66.4,69.4,72.7,76.0,80.0,84.0,88.2,92.7,97.1,100.6,104.8,108.9,112.7,116.1,117.9,120.8,123.7,126.9,130.3
BRWA1,BRWA1,201.5,205.3,208.3,211.6,215.4,219.4,223.8,228.4,234.8,243.3,251.9,261.9,273.4,285.7,298.2,309.8,324.4,339.3,354.8,369.5,380.5,394.5,408.1,420.9,432.5,438.8,447.4,454.9,463.1,471.6
BUMU_P,BUMU_P,41.3,41.9,42.4,43.0,43.7,44.6,45.3,45.8,46.5,47.8,49.7,51.2,53.0,55.0,57.0,59.1,61.5,64.0,66.9,69.6,71.6,74.2,76.8,79.3,81.5,82.2,84.4,86.8,89.4,92.1
BURM_1,BURM_1,305.3,310.9,315.8,321.0,326.9,331.0,335.6,339.3,344.2,353.4,362.3,373.0,385.5,398.9,412.6,423.8,438.7,454.2,471.0,487.1,500.5,516.4,531.8,546.5,559.7,569.1,580.7,592.6,605.6,619.0
BUSH_1,BUSH_1,183.4,187.4,189.9,192.6,195.8,197.3,199.4,201.0,203.7,208.2,212.9,218.5,225.2,232.4,239.9,247.3,255.2,263.2,271.8,280.2,288.3,296.8,305.0,312.9,320.0,326.2,332.3,338.6,345.4,352.3
BUST_1,BUST_1,303.7,310.5,313.2,316.2,320.0,321.2,323.6,325.4,329.0,335.3,342.1,350.2,360.1,370.7,381.7,393.1,405.1,417.4,430.3,442.7,455.7,468.2,480.3,491.7,502.1,512.1,520.5,528.6,537.4,546.3
CAAD_P,CAAD_P,18.9,19.1,19.4,19.6,20.0,20.2,20.6,21.0,21.7,22.4,23.0,23.8,24.7,25.7,26.7,27.7,28.9,30.0,31.2,32.4,33.1,34.2,35.2,36.2,37.2,37.7,38.3,38.8,39.3,39.8
CAMB_01,CAMB_01,36.8,37.5,38.1,38.7,39.5,39.8,40.4,40.9,41.7,42.8,43.9,45.3,46.9,48.6,50.3,51.4,53.2,55.1,57.1,59.0,60.7,62.5,64.3,66.1,67.7,68.5,69.7,70.9,72.1,73.4
CANTN1;RICH1;RICH_J,CANTN1;RICH1;RICH_J,220.3,225.9,230.9,236.5,242.9,246.9,252.0,257.2,264.0,273.6,283.2,294.5,307.6,321.8,336.7,352.4,368.5,385.2,403.0,420.2,438.3,455.4,472.0,488.0,502.5,516.4,528.8,541.2,554.8,568.9
CAPEA1,CAPEA1,340.3,344.5,347.5,350.5,353.8,355.2,357.0,357.5,358.9,363.8,369.7,375.8,383.2,391.0,398.6,406.8,415.3,424.0,433.2,442.2,452.2,461.5,470.5,479.1,486.7,493.3,500.0,506.6,513.9,521.1
CARE_1,CARE_1,134.8,136.7,138.1,139.8,141.7,143.2,145.0,146.7,149.3,153.1,157.1,161.6,166.8,172.3,177.9,183.5,189.9,196.4,203.0,209.2,215.7,221.9,227.9,233.6,238.8,244.0,247.8,251.0,254.5,258.0
CARR_1,CARR_1,331.4,336.8,340.0,343.3,347.2,348.4,350.8,352.0,354.5,360.6,367.4,375.0,384.1,393.8,403.5,413.7,424.6,435.7,447.5,458.9,471.9,483.4,494.6,505.3,514.8,523.2,531.1,538.8,547.2,555.6
CASS_P,CASS_P,1.4,1.4,1.4,1.5,1.5,1.6,1.8,1.9,2.1,2.3,2.5,2.8,3.0,3.3,3.6,3.9,4.3,4.6,5.0,5.3,5.6,5.9,6.2,6.4,6.7,6.9,7.0,7.1,7.1,7.2
CATY,CATY,20.4,20.7,21.0,21.3,21.6,22.1,22.4,22.8,23.3,24.0,25.0,25.9,27.0,28.1,29.2,30.6,31.9,33.4,35.0,36.5,37.7,39.2,40.6,41.9,43.1,43.7,44.8,45.9,47.1,48.4
CEAN_P,CEAN_P,1.4,1.4,1.4,1.4,1.5,1.5,1.5,1.6,1.6,1.7,1.8,1.9,2.0,2.1,2.2,2.3,2.4,2.5,2.7,2.8,2.9,3.0,3.1,3.2,3.3,3.3,3.4,3.5,3.5,3.6
CELL_1,CELL_1,626.0,637.0,643.5,650.5,658.9,663.4,669.7,674.7,683.1,697.4,712.9,730.5,751.5,773.9,796.7,820.6,846.0,871.8,898.9,924.8,951.9,977.8,1003.1,1027.0,1048.8,1068.4,1085.7,1102.0,1119.6,1137.4
CHAP,CHAP,43.7,44.1,44.7,45.4,46.2,47.3,48.2,49.1,50.3,52.0,54.3,56.2,58.5,61.0,63.5,66.4,69.5,72.6,76.0,79.3,81.9,85.1,88.2,91.1,93.7,95.1,97.3,99.6,102.1,104.7
CHAR_P,CHAR_P,21.0,21.4,21.5,21.7,22.0,22.3,22.4,22.6,22.8,23.3,23.9,24.6,25.3,26.1,26.9,27.9,28.9,29.9,31.0,32.1,33.0,34.0,35.0,36.0,36.9,37.5,38.3,39.2,40.1,41.1
CHAS,CHAS,58.7,58.6,59.3,60.1,60.8,61.5,62.0,62.3,62.6,63.7,65.0,66.2,67.6,69.0,70.4,72.0,73.6,75.3,77.1,78.9,80.5,82.4,84.2,86.0,87.6,88.6,90.2,91.9,93.7,95.4
CHIC_1,CHIC_1,92.2,93.7,95.1,96.5,98.1,99.1,100.5,101.7,103.4,106.1,108.6,111.8,115.4,119.3,123.3,126.9,131.4,136.0,140.9,145.7,149.9,154.6,159.1,163.4,167.3,170.3,173.6,177.0,180.6,184.3
CHSI_1,CHSI_1,231.1,236.8,240.9,245.2,250.1,253.1,256.6,259.2,262.3,270.0,277.8,286.9,297.6,309.1,321.0,335.4,348.9,363.1,378.6,393.5,410.7,425.7,440.2,454.0,466.3,481.0,492.3,504.3,517.3,530.9
CHTE_1,CHTE_1,508.5,516.6,522.5,528.8,536.0,540.1,545.4,549.2,555.3,566.8,580.3,594.3,611.0,628.8,646.8,667.2,687.6,708.5,730.7,752.1,777.3,799.0,820.1,840.1,858.1,875.8,891.1,906.2,922.7,939.4
CITR_1,CITR_1,672.8,676.5,686.2,696.0,705.9,711.1,715.9,716.1,716.1,725.8,734.1,743.9,756.0,768.2,779.9,791.9,803.2,814.9,828.0,841.1,856.7,871.2,885.9,900.0,912.4,928.3,942.0,957.4,974.0,990.4
CLAY_P,CLAY_P,26.5,26.5,26.8,27.1,27.5,27.8,28.0,28.1,28.2,28.6,29.2,29.6,30.2,30.8,31.4,32.1,32.7,33.4,34.2,35.0,35.6,36.4,37.2,38.0,38.6,39.1,39.8,40.6,41.5,42.3
CLYM,CLYM,65.3,66.0,66.8,67.7,68.7,70.1,71.0,71.8,72.8,74.7,77.6,79.9,82.6,85.5,88.4,91.9,95.4,99.2,103.5,107.6,110.9,114.9,118.8,122.5,125.8,127.2,130.4,134.1,138.0,142.2
COAT,COAT,56.8,57.4,58.1,58.9,59.7,61.0,61.8,62.5,63.5,65.2,67.8,69.9,72.3,74.9,77.5,80.7,83.8,87.2,91.0,94.7,97.6,101.2,104.6,107.9,110.8,112.1,114.9,118.0,121.4,124.9
COCK,COCK,45.9,46.5,47.2,47.9,48.7,49.9,50.8,51.6,52.8,54.5,57.1,59.2,61.7,64.4,67.1,70.4,73.7,77.2,81.0,84.6,87.6,91.1,94.5,97.7,100.6,102.0,104.5,107.1,110.0,112.9
CONQA1;SASA,CONQA1;SASA,294.3,298.7,301.4,304.1,307.4,308.7,311.0,312.6,315.4,321.0,326.5,333.2,341.3,349.8,358.3,363.8,373.1,382.6,392.6,402.4,410.8,420.4,429.8,438.6,446.5,453.3,459.9,466.4,473.4,480.5
COUA_P,COUA_P,21.3,21.6,22.0,22.5,23.1,23.8,24.5,25.2,26.2,27.5,29.0,30.5,32.2,34.1,36.0,38.3,40.6,42.9,45.3,47.6,49.6,51.8,53.9,55.9,57.8,59.0,60.4,61.6,62.9,64.2
COVE_1,COVE_1,482.7,491.8,498.2,505.0,512.8,517.0,523.1,527.8,534.6,548.0,561.3,577.3,596.2,616.3,636.9,658.9,682.2,705.9,730.8,754.7,779.8,803.6,826.6,848.5,868.3,887.8,903.7,918.6,934.9,951.5
COWL_1;ECLA_H,COWL_1;ECLA_H,540.5,549.5,556.5,563.7,571.6,575.3,580.1,582.3,585.4,596.9,607.8,621.2,637.4,654.5,671.8,687.6,706.4,725.9,747.0,767.4,787.2,807.7,827.7,846.8,863.7,879.1,894.4,910.2,927.5,945.1
COYL,COYL,46.9,47.5,48.1,48.9,49.8,51.1,52.3,53.6,55.5,57.6,60.5,63.1,66.1,69.3,72.7,76.6,80.6,84.7,89.0,93.2,96.7,100.6,104.4,108.1,111.4,113.2,115.8,118.1,120.6,123.2
CRAI_P,CRAI_P,24.9,25.5,25.8,26.2,26.7,27.4,27.9,28.4,29.1,30.2,31.6,32.9,34.4,36.0,37.7,39.7,41.7,43.8,46.1,48.3,50.0,52.1,54.2,56.1,57.8,58.7,60.2,61.8,63.6,65.4
CREB_1,CREB_1,514.8,522.5,527.8,533.3,539.8,543.9,549.2,553.4,560.4,572.0,585.5,599.6,616.3,634.0,651.8,670.3,690.7,711.7,734.0,755.4,777.1,798.4,819.1,838.7,856.2,869.2,883.8,898.0,913.5,929.2
CROO,CROO,51.7,52.9,53.5,54.0,54.8,55.9,56.6,57.2,58.1,59.9,62.7,65.1,67.8,70.8,73.8,77.6,81.3,85.3,89.4,93.5,96.8,100.7,104.4,107.9,111.0,112.5,115.1,117.6,120.5,123.4
CUMB,CUMB,39.4,39.7,40.2,40.9,41.6,42.5,43.4,44.2,45.4,46.9,49.0,50.8,52.8,55.0,57.3,60.0,62.8,65.6,68.6,71.5,73.9,76.7,79.4,82.0,84.4,85.7,87.7,89.6,91.7,93.9
CUPA,CUPA,50.5,51.1,51.8,52.8,53.8,55.3,56.7,58.2,60.3,62.8,66.0,69.0,72.4,76.1,79.9,84.4,89.0,93.6,98.5,103.1,107.1,111.6,115.8,119.9,123.7,125.9,128.7,131.2,133.9,136.6
CURR,CURR,10.6,10.9,11.1,11.3,11.6,12.0,12.3,12.7,13.1,13.7,14.6,15.4,16.3,17.3,18.3,19.5,20.7,22.0,23.3,24.6,25.7,26.9,28.1,29.3,30.3,30.8,31.6,32.4,33.3,34.3
DALM3,DALM3,33.9,34.3,34.7,35.1,35.5,36.1,36.5,36.8,37.1,38.0,39.2,40.3,41.5,42.7,44.0,45.6,47.1,48.8,50.6,52.5,53.9,55.7,57.4,59.1,60.5,61.2,62.6,64.2,66.0,67.8
DEVM,DEVM,25.7,25.9,26.2,26.5,26.9,27.3,27.6,27.8,28.2,28.8,29.7,30.4,31.3,32.2,33.1,34.2,35.3,36.4,37.7,39.0,40.0,41.2,42.4,43.6,44.6,45.2,46.2,47.3,48.4,49.7
DEVO,DEVO,52.8,53.5,54.2,54.9,55.6,56.9,57.7,58.4,59.5,61.2,63.8,65.9,68.3,70.9,73.6,76.9,80.2,83.6,87.4,91.1,94.1,97.7,101.1,104.4,107.3,108.8,111.5,114.4,117.7,121.0
DEWP,DEWP,54.3,54.5,55.1,55.8,56.5,57.3,57.8,58.0,58.4,59.4,61.0,62.2,63.6,65.2,66.7,68.5,70.3,72.2,74.3,76.4,78.2,80.3,82.4,84.4,86.2,87.1,88.9,91.0,93.3,95.6
DOUN_P,DOUN_P,12.4,12.5,12.5,12.6,12.7,12.7,12.7,12.7,12.7,12.8,12.8,13.0,13.1,13.3,13.4,13.6,13.7,13.9,14.1,14.3,14.4,14.6,14.8,15.0,15.2,15.2,15.4,15.7,15.9,16.1
DRAK_1,DRAK_1,182.4,185.7,188.6,191.6,195.1,197.0,199.4,201.2,204.0,208.7,213.6,219.2,225.9,233.1,240.6,248.0,255.7,263.7,272.1,280.3,288.3,296.6,304.7,312.5,319.6,325.7,331.8,337.9,344.5,351.3
DRAX_1,DRAX_1,134.6,136.6,137.8,139.1,140.5,140.7,141.1,140.9,141.1,142.6,144.3,146.3,148.8,151.4,154.0,155.2,157.8,160.4,163.3,166.1,168.7,171.6,174.5,177.3,179.7,181.0,183.3,185.7,188.3,191.0
DRCR,DRCR,19.5,19.7,19.9,20.1,20.4,20.7,20.9,21.1,21.3,21.7,22.5,23.1,23.7,24.5,25.2,26.1,27.0,27.9,29.0,30.0,30.9,31.9,32.9,33.8,34.7,35.1,35.9,36.8,37.8,38.9
DRUM,DRUM,61.7,63.1,63.8,64.6,65.5,67.1,68.1,69.0,70.3,72.5,76.1,78.9,82.1,85.7,89.3,93.9,98.3,103.1,108.5,113.7,117.7,122.7,127.5,132.0,136.0,137.7,141.5,145.8,150.4,155.3
DUBE_P,DUBE_P,0.1,0.1,0.1,0.1,0.1,0.1,0.1,0.1,0.1,0.1,0.1,0.1,0.1,0.1,0.1,0.1,0.1,0.1,0.1,0.1,0.1,0.1,0.1,0.1,0.1,0.1,0.1,0.1,0.1,0.1
DUDH_P,DUDH_P,39.4,39.8,40.3,41.0,41.6,42.5,43.1,43.5,44.1,45.3,46.9,48.2,49.7,51.4,53.1,54.9,56.9,59.1,61.5,63.9,65.6,67.9,70.1,72.3,74.2,74.9,76.9,79.1,81.5,84.1
DUGR_P,DUGR_P,5.4,5.5,5.5,5.6,5.7,5.8,6.0,6.1,6.3,6.5,6.7,7.0,7.3,7.7,8.0,8.4,8.8,9.2,9.6,10.0,10.3,10.7,11.0,11.4,11.7,11.9,12.1,12.3,12.5,12.7
DUMF,DUMF,63.2,64.0,64.6,65.3,66.0,66.9,67.6,68.1,69.0,70.6,72.6,74.5,76.8,79.2,81.7,84.3,87.1,90.2,93.5,96.8,99.1,102.2,105.2,108.1,110.7,111.8,114.1,116.6,119.3,122.0
DUNB,DUNB,20.9,21.2,21.5,21.9,22.4,23.0,23.5,24.0,24.7,25.7,27.0,28.2,29.5,31.0,32.5,34.3,36.1,38.0,40.0,41.9,43.5,45.3,47.1,48.8,50.3,51.1,52.4,53.6,54.9,56.3
DUNF,DUNF,33.2,33.8,34.2,34.6,35.1,36.0,36.6,37.2,38.0,39.2,41.0,42.6,44.3,46.2,48.2,50.6,53.0,55.5,58.2,60.9,63.1,65.6,68.1,70.5,72.6,73.6,75.5,77.5,79.7,82.0
DUNO_P,DUNO_P,10.6,10.7,10.9,11.0,11.2,11.4,11.6,11.8,12.0,12.4,12.8,13.3,13.8,14.3,14.8,15.5,16.1,16.8,17.5,18.2,18.8,19.5,20.1,20.8,21.3,21.6,22.1,22.7,23.2,23.8
DYCE_P,DYCE_P,28.6,28.9,29.4,29.9,30.4,31.1,31.7,32.2,33.0,34.1,35.5,36.8,38.3,40.0,41.6,43.6,45.5,47.6,49.9,52.1,53.8,55.9,57.9,59.8,61.6,62.5,64.1,65.7,67.4,69.2
EALI_6,EALI_6,203.9,207.5,210.7,214.1,217.6,219.6,221.7,222.7,223.9,228.7,233.3,238.9,245.7,252.8,260.2,268.3,276.2,284.5,293.5,302.2,311.8,320.7,329.4,337.7,345.1,353.9,360.8,368.1,376.1,384.3
EASO_1,EASO_1,214.1,219.3,223.9,228.8,234.3,237.8,242.6,247.4,253.5,262.9,271.7,282.6,295.2,308.8,322.9,337.1,353.0,369.5,387.1,404.0,422.0,438.7,455.0,470.4,484.3,498.6,510.6,522.7,535.9,549.7
ECCL,ECCL,22.3,22.7,23.0,23.4,23.9,24.6,25.2,25.8,26.6,27.6,29.1,30.4,31.9,33.5,35.2,37.1,39.1,41.2,43.5,45.6,47.4,49.5,51.5,53.4,55.1,55.9,57.3,58.8,60.4,62.0
ECLA_1,ECLA_1,389.9,398.4,404.5,411.1,418.1,421.3,424.5,424.3,422.4,432.2,442.3,454.3,468.4,483.6,499.1,515.5,532.7,550.2,568.2,585.5,603.9,621.2,638.0,654.0,668.6,682.4,693.6,703.8,714.8,725.9
EERH,EERH,72.9,74.0,75.0,76.2,77.4,79.5,80.9,82.4,84.5,87.4,91.7,95.3,99.4,103.8,108.4,113.9,119.4,125.2,131.5,137.7,142.6,148.4,154.1,159.5,164.3,166.6,170.8,175.2,180.1,185.1
EKIL,EKIL,46.3,47.0,47.6,48.1,48.8,49.8,50.4,50.9,51.6,52.9,55.1,56.7,58.7,60.8,62.9,65.5,68.0,70.8,73.9,77.0,79.3,82.3,85.2,87.9,90.3,91.3,93.7,96.4,99.3,102.5
EKIS,EKIS,28.0,28.6,29.1,29.5,29.9,30.9,31.4,31.9,32.6,33.7,35.5,36.9,38.5,40.2,42.0,44.1,46.3,48.7,51.4,54.1,56.0,58.5,61.0,63.3,65.3,66.0,68.1,70.5,73.2,76.0
ELDE,ELDE,30.9,31.7,32.2,32.7,33.3,34.2,34.7,35.0,35.3,36.5,38.5,40.0,41.7,43.5,45.5,47.8,50.1,52.7,55.6,58.4,60.4,63.1,65.7,68.2,70.3,71.0,73.2,75.6,78.2,81.0
ELGI_P,ELGI_P,46.0,46.5,46.9,47.4,47.9,48.2,48.5,48.7,48.9,49.7,50.6,51.6,52.7,54.0,55.2,56.2,57.6,59.1,60.7,62.3,63.2,64.8,66.3,67.8,69.1,69.5,70.8,72.2,73.8,75.3
ELLA_1,ELLA_1,331.9,337.5,341.3,345.3,350.1,352.9,357.3,361.2,367.2,376.3,386.7,397.7,410.7,424.5,438.5,454.9,471.3,488.1,505.8,522.7,542.3,559.1,575.5,590.9,604.8,617.3,628.5,639.0,650.5,662.2
ELST_1,ELST_1,514.1,522.9,527.8,533.0,539.0,540.7,542.8,542.0,541.4,549.1,557.6,567.3,579.4,592.2,605.0,618.8,632.6,646.5,661.1,675.3,690.9,705.5,719.7,733.3,745.5,757.8,768.0,777.7,788.3,798.8
ENDE_1,ENDE_1,493.2,500.3,506.3,512.5,519.6,523.1,527.6,530.4,535.1,545.1,555.4,567.2,581.4,596.4,611.5,628.6,645.2,662.3,680.6,698.4,719.5,737.9,755.8,772.8,788.1,806.0,819.9,834.1,849.5,865.2
ERSK,ERSK,20.1,20.6,21.1,21.6,22.1,22.7,23.0,23.1,22.9,23.7,25.0,26.1,27.3,28.6,30.0,31.6,33.3,35.0,37.0,38.8,40.3,42.1,43.8,45.4,46.9,47.5,48.8,50.2,51.8,53.4
EXET1,EXET1,355.3,360.6,364.3,368.0,372.2,374.8,378.0,380.0,383.4,390.8,397.8,406.5,416.9,427.8,438.8,447.3,459.5,472.0,485.4,498.3,507.2,519.8,532.0,543.6,553.9,559.2,567.9,576.6,586.0,595.5
FASN_P,FASN_P,1.7,1.7,1.7,1.8,1.8,1.8,1.9,1.9,2.0,2.0,2.1,2.2,2.3,2.4,2.5,2.6,2.8,2.9,3.0,3.1,3.2,3.4,3.5,3.6,3.7,3.7,3.8,3.8,3.9,3.9
FAUG_P,FAUG_P,5.7,5.8,5.9,5.9,6.0,6.1,6.2,6.3,6.4,6.6,6.8,7.0,7.2,7.5,7.7,8.0,8.3,8.6,8.9,9.2,9.5,9.8,10.1,10.3,10.6,10.7,10.9,11.1,11.2,11.4
FAWL_1,FAWL_1,198.7,202.3,205.1,208.0,211.4,212.7,214.7,215.9,217.8,222.0,226.1,231.2,237.3,243.8,250.5,257.1,264.0,271.1,278.9,286.4,294.2,302.0,309.5,316.8,323.3,329.7,335.7,342.0,348.9,355.9
FECK_6,FECK_6,367.0,375.1,381.8,389.0,397.3,402.8,409.8,416.0,423.7,438.5,453.2,470.7,490.9,512.6,535.1,559.6,585.3,611.3,638.2,663.8,690.3,715.4,739.7,762.8,784.0,803.7,819.4,833.2,848.2,863.5
FERRA2,FERRA2,97.4,99.7,100.9,102.3,103.9,104.8,106.0,106.9,108.2,111.2,114.6,118.3,122.7,127.4,132.2,137.3,142.9,148.5,154.3,159.8,165.8,171.2,176.4,181.4,185.9,189.5,192.7,195.5,198.5,201.5
FERRB1;FERRB_M,FERRB1;FERRB_M,107.7,112.0,115.8,119.8,124.2,127.8,131.3,133.7,135.1,143.2,152.5,162.2,173.2,185.1,197.5,211.9,226.8,242.0,257.7,272.6,288.5,302.9,316.7,329.8,341.7,351.1,359.7,367.1,375.3,383.8
FETT_P;KINT_P,FETT_P;KINT_P,70.2,71.0,71.9,72.8,73.9,75.2,76.1,76.8,77.9,79.8,82.4,84.7,87.4,90.3,93.3,96.7,100.2,103.9,108.0,112.0,115.0,118.9,122.7,126.4,129.6,131.3,134.4,137.8,141.6,145.4
FIDD_P,FIDD_P,12.9,13.1,13.3,13.6,13.9,14.3,14.6,15.0,15.5,16.2,17.0,17.8,18.7,19.6,20.6,21.7,22.9,24.1,25.4,26.6,27.6,28.8,29.9,31.0,32.0,32.6,33.4,34.2,35.1,36.0
FIDF_1,FIDF_1,371.0,376.1,380.4,384.9,390.1,393.5,397.8,401.2,406.3,415.5,426.1,437.1,450.0,463.7,477.5,493.6,509.6,525.7,542.4,558.4,576.5,592.5,608.1,622.9,636.3,648.0,658.3,667.6,677.7,687.8
FINN,FINN,24.3,24.4,24.7,25.0,25.3,25.6,25.9,26.0,26.1,26.6,27.3,27.8,28.4,29.1,29.8,30.6,31.3,32.2,33.1,34.0,34.8,35.7,36.6,37.5,38.3,38.7,39.5,40.4,41.4,42.4
FLEE_1;BRLE_1,FLEE_1;BRLE_1,1357.3,1382.7,1401.3,1421.4,1444.3,1458.5,1476.6,1490.0,1507.7,1548.1,1588.6,1636.7,1692.9,1753.1,1814.4,1878.3,1948.4,2019.4,2093.1,2163.5,2233.8,2303.1,2370.3,2433.9,2492.0,2543.9,2587.9,2627.4,2670.4,2714.0
FOUR_1,FOUR_1,26.9,27.2,27.6,28.0,28.5,28.9,29.3,29.7,30.3,31.1,32.0,33.0,34.1,35.3,36.5,37.6,39.0,40.3,41.8,43.1,44.3,45.6,46.9,48.1,49.3,49.9,50.7,51.5,52.2,53.0
FRAS_P,FRAS_P,18.8,19.0,19.2,19.5,19.7,20.1,20.3,20.4,20.7,21.1,21.8,22.4,23.0,23.7,24.4,25.3,26.1,27.0,28.0,29.0,29.8,30.7,31.7,32.6,33.4,33.8,34.6,35.5,36.5,37.5
FROD_1,FROD_1,243.7,248.6,252.6,256.9,262.0,265.8,271.0,276.3,283.4,293.5,305.0,317.0,331.0,346.0,361.3,378.5,396.6,415.0,434.1,452.4,471.9,489.7,507.0,523.3,538.2,550.3,561.6,571.7,582.8,594.1
FWIL_P,FWIL_P,29.7,29.9,30.2,30.6,31.0,31.4,31.7,32.0,32.5,33.3,34.1,35.0,36.0,37.1,38.2,39.3,40.6,41.9,43.3,44.6,45.6,46.8,48.1,49.3,50.4,51.0,51.9,52.7,53.7,54.6
GALA,GALA,32.7,33.0,33.5,34.0,34.6,35.4,36.0,36.5,37.3,38.5,40.1,41.5,43.2,44.9,46.7,48.8,50.9,53.2,55.6,57.9,59.9,62.1,64.3,66.4,68.3,69.3,70.9,72.6,74.4,76.3
GIFF,GIFF,58.7,60.0,60.8,61.7,62.7,64.5,65.6,66.7,68.3,70.7,74.5,77.6,81.1,85.0,88.9,93.7,98.5,103.7,109.4,115.0,119.2,124.5,129.6,134.4,138.6,140.3,144.2,148.5,153.1,158.0
GLLU,GLLU,19.5,19.7,19.9,20.2,20.6,21.0,21.4,21.8,22.3,23.0,23.9,24.8,25.7,26.8,27.8,29.1,30.4,31.7,33.1,34.4,35.6,36.9,38.1,39.4,40.5,41.1,42.0,42.9,43.9,44.9
GLNI,GLNI,19.4,19.7,20.0,20.2,20.5,21.0,21.3,21.6,22.0,22.7,23.7,24.5,25.4,26.4,27.5,28.8,30.0,31.4,32.9,34.3,35.5,36.9,38.2,39.5,40.6,41.2,42.3,43.4,44.7,46.1
GLRO,GLRO,28.8,29.3,29.6,30.0,30.4,31.1,31.6,32.0,32.5,33.5,35.0,36.1,37.5,38.9,40.4,42.3,44.1,46.0,48.2,50.3,52.0,54.0,56.0,57.9,59.5,60.3,61.9,63.6,65.5,67.6
GORG,GORG,25.7,26.1,26.5,26.8,27.2,27.9,28.2,28.5,28.9,29.7,31.0,32.0,33.2,34.4,35.7,37.2,38.7,40.4,42.3,44.2,45.6,47.4,49.1,50.7,52.2,52.7,54.2,55.9,57.7,59.7
GOVA,GOVA,32.7,33.0,33.4,33.9,34.4,35.1,35.6,36.0,36.5,37.5,38.9,40.1,41.4,42.9,44.3,46.1,47.9,49.7,51.8,53.9,55.5,57.5,59.4,61.2,62.9,63.6,65.2,66.9,68.8,70.7
GREN_1,GREN_1,688.1,700.5,709.9,719.9,731.4,737.8,746.8,753.6,762.8,782.7,802.9,826.6,854.4,884.1,914.4,947.4,982.1,1017.1,1053.5,1088.2,1126.0,1160.5,1193.9,1225.6,1254.6,1283.7,1305.8,1325.8,1347.4,1369.3
GRIW_1,GRIW_1,236.6,240.5,242.6,244.8,247.5,247.9,249.3,250.0,251.6,255.4,259.8,264.5,270.4,276.6,282.9,288.8,295.6,302.6,310.0,317.2,325.8,333.2,340.5,347.3,353.4,359.0,364.3,369.6,375.3,381.0
GRMO,GRMO,69.2,70.1,70.6,71.3,72.2,73.2,74.0,74.6,75.6,77.4,79.9,82.1,84.7,87.5,90.3,93.7,97.1,100.6,104.4,108.1,111.2,114.8,118.2,121.6,124.5,126.1,128.7,131.3,134.1,137.0
GRUB_P,GRUB_P,20.0,20.1,20.3,20.5,20.8,21.1,21.4,21.7,22.2,22.9,23.5,24.2,25.1,26.0,26.9,27.9,29.0,30.1,31.1,32.1,33.0,34.0,34.9,35.8,36.7,37.3,37.8,38.2,38.5,38.9
HACK_1;HACK_6,HACK_1;HACK_6,312.1,316.9,321.0,325.2,329.7,331.6,333.9,334.5,335.5,341.1,346.5,353.2,361.2,369.7,378.3,387.8,396.9,406.3,416.7,426.8,437.9,448.4,458.7,468.5,477.2,487.2,495.6,504.6,514.5,524.4
HAGR,HAGR,33.6,34.2,34.6,35.1,35.6,36.5,37.1,37.6,38.4,39.6,41.5,43.0,44.8,46.7,48.6,51.0,53.3,55.8,58.6,61.4,63.5,66.1,68.6,71.0,73.1,74.0,76.0,78.2,80.6,83.2
HAMHC1,HAMHC1,397.5,404.8,409.6,414.8,420.6,422.9,425.6,425.9,426.3,434.1,442.3,452.0,463.7,476.1,488.8,502.0,515.7,529.5,544.0,558.0,572.7,586.9,600.7,613.9,625.9,637.2,646.9,656.0,665.9,675.8
HARK_1;HUTT_1;RRIG,HARK_1;HUTT_1;RRIG,603.7,611.2,618.7,626.7,635.9,642.3,650.8,658.5,670.0,686.4,703.5,722.6,744.9,768.4,792.2,812.4,839.1,866.0,894.1,921.0,943.7,970.0,995.6,1019.9,1042.0,1053.9,1070.6,1085.7,1102.1,1118.5
HARM_6,HARM_6,102.4,104.4,105.3,106.2,107.4,107.8,108.6,109.3,110.5,112.6,115.2,117.9,121.1,124.6,128.1,132.0,136.1,140.3,144.7,149.0,154.1,158.4,162.6,166.5,170.0,173.2,176.2,179.2,182.4,185.7
HAWI,HAWI,22.2,22.5,22.8,23.2,23.6,24.2,24.6,25.0,25.6,26.4,27.7,28.7,29.9,31.2,32.6,34.1,35.8,37.4,39.3,41.1,42.5,44.2,45.9,47.5,48.9,49.5,50.8,52.1,53.5,55.0
HAWP_6,HAWP_6,100.7,103.1,104.0,104.9,106.2,106.6,107.5,108.4,109.9,112.2,115.3,118.4,122.1,126.1,130.1,134.8,139.6,144.6,150.0,155.1,161.4,166.6,171.5,176.3,180.4,184.3,187.9,191.6,195.7,199.9
HELE,HELE,19.9,20.2,20.4,20.6,20.9,21.3,21.5,21.7,22.0,22.6,23.5,24.2,25.0,25.8,26.7,27.9,28.9,30.1,31.5,32.8,33.8,35.0,36.3,37.4,38.4,38.9,39.9,41.1,42.4,43.7
HEYS_1;HEYS1;ORMO,HEYS_1;HEYS1;ORMO,117.9,120.3,122.2,124.3,126.6,128.1,130.4,132.9,136.3,140.9,145.7,151.1,157.3,163.9,170.8,177.3,185.3,193.5,202.4,210.9,219.3,227.6,235.6,243.2,250.0,254.7,260.4,266.1,272.4,278.9
HUER,HUER,4.0,4.1,4.1,4.2,4.2,4.3,4.4,4.4,4.5,4.6,4.8,4.9,5.1,5.3,5.5,5.7,5.9,6.2,6.5,6.7,7.0,7.2,7.5,7.7,7.9,8.0,8.3,8.5,8.8,9.1
HURS_1,HURS_1,283.4,288.3,291.1,294.0,297.3,298.5,299.8,299.7,300.2,304.4,309.2,314.6,321.2,328.3,335.4,343.4,350.9,358.6,366.9,375.0,384.1,392.5,400.7,408.5,415.5,423.1,429.4,435.9,442.9,449.9
IMPK_1,IMPK_1,16.5,16.8,16.9,17.0,17.2,17.2,17.3,17.2,17.3,17.4,17.6,17.9,18.2,18.5,18.8,19.0,19.3,19.6,19.9,20.2,20.5,20.9,21.2,21.5,21.8,22.1,22.3,22.6,22.8,23.1
INDQ1,INDQ1,448.6,456.8,461.7,466.6,472.4,476.8,482.1,486.9,494.1,506.0,517.0,530.9,547.3,564.9,582.6,595.6,615.6,636.5,658.9,680.4,694.1,714.7,734.6,753.3,770.0,777.5,791.5,805.5,820.9,836.6
INKE,INKE,35.8,36.6,37.0,37.5,38.1,39.1,39.7,40.3,41.0,42.3,44.4,46.0,47.9,49.9,52.0,54.6,57.1,59.9,63.0,66.1,68.4,71.3,74.2,76.9,79.2,80.1,82.5,85.2,88.2,91.3
INNE_P,INNE_P,63.3,64.3,64.8,65.4,66.0,66.5,66.9,67.0,67.4,68.5,69.8,71.2,72.9,74.8,76.6,78.1,80.2,82.5,85.0,87.6,88.7,91.2,93.5,95.8,97.7,98.1,100.1,102.4,104.9,107.4
IROA1,IROA1,620.6,632.2,641.0,650.1,659.9,666.1,672.8,675.9,678.6,695.7,712.9,733.2,756.9,782.2,807.7,835.7,865.6,896.2,928.4,959.1,990.2,1020.5,1049.9,1077.6,1102.5,1125.8,1145.8,1164.6,1185.1,1206.0
IRONB1,IRONB1,227.5,231.0,232.9,234.9,237.2,238.3,239.8,240.5,242.2,246.1,250.4,255.3,261.2,267.5,273.8,280.3,287.3,294.5,302.1,309.4,317.1,324.5,331.6,338.4,344.5,350.3,355.3,360.2,365.4,370.7
IVER_1;IVER_6,IVER_1;IVER_6,471.8,482.1,489.9,498.1,506.9,510.6,513.5,512.1,508.1,518.2,528.8,541.1,556.0,571.9,588.3,605.8,623.2,640.9,659.9,678.1,698.2,716.9,735.2,752.7,768.5,784.6,798.3,812.0,826.9,842.1
JOHN,JOHN,40.7,42.0,43.4,44.9,46.4,48.1,48.9,48.8,47.6,50.1,53.4,56.4,59.7,63.4,67.2,71.7,76.2,81.0,86.0,90.8,94.7,99.3,103.7,107.9,111.6,113.6,116.5,119.3,122.4,125.6
JORD_3,JORD_3,47.0,48.3,49.1,49.9,50.9,51.2,51.7,52.1,52.7,53.9,55.4,56.9,58.8,60.9,63.1,65.0,67.3,69.6,72.2,74.6,77.5,80.0,82.5,84.8,86.9,88.9,90.8,92.7,94.9,97.1
KAIM,KAIM,90.5,92.0,93.2,94.5,96.0,98.4,99.9,101.4,103.3,106.6,111.6,115.7,120.4,125.4,130.7,136.9,143.2,149.9,157.4,164.6,170.2,177.1,183.8,190.2,195.7,198.2,203.4,209.1,215.2,221.7
KEAD_1,KEAD_1,311.9,317.3,321.2,325.4,330.3,332.8,336.5,339.5,344.5,352.1,360.6,369.9,380.9,392.7,404.8,415.9,429.0,442.4,456.5,470.1,484.0,497.6,510.8,523.4,534.9,543.5,552.8,561.7,571.3,581.1
KEAR_1;KEAR_3,KEAR_1;KEAR_3,648.3,659.8,665.9,672.4,680.4,683.4,689.5,694.2,702.4,716.6,733.3,751.1,772.3,794.9,817.8,844.4,871.0,898.1,926.7,954.2,986.8,1014.4,1041.1,1066.4,1089.0,1110.3,1128.7,1146.2,1165.3,1184.6
KEMS_1,KEMS_1,142.1,145.3,147.7,150.3,153.4,154.9,157.1,159.0,161.8,166.2,170.7,176.0,182.3,189.1,196.2,203.0,210.5,218.2,226.3,234.2,242.1,250.0,257.7,265.0,271.7,277.6,283.2,288.6,294.6,300.6
KIBY_1,KIBY_1,229.0,232.3,234.4,236.7,239.3,240.6,242.6,244.0,246.4,250.9,256.4,261.9,268.6,275.6,282.6,290.8,298.9,307.2,315.9,324.3,334.0,342.5,350.8,358.6,365.5,371.9,377.6,383.2,389.2,395.3
KIER,KIER,54.9,56.1,56.8,57.6,58.5,60.1,61.2,62.2,63.6,65.9,69.3,72.1,75.3,78.7,82.3,86.8,91.1,95.8,100.9,105.8,109.8,114.5,119.1,123.4,127.2,129.0,132.6,136.3,140.5,144.8
KIIN_P,KIIN_P,3.8,4.0,4.3,4.7,5.1,5.6,5.9,6.1,6.1,6.8,7.6,8.5,9.4,10.5,11.6,13.0,14.3,15.6,16.9,18.0,19.3,20.4,21.5,22.5,23.6,24.5,25.1,25.4,25.8,26.2
KILB,KILB,26.9,27.4,27.6,27.9,28.3,28.8,29.2,29.4,29.8,30.6,31.8,32.8,33.9,35.2,36.4,38.0,39.5,41.2,43.0,44.8,46.3,48.0,49.7,51.3,52.6,53.3,54.7,56.3,57.9,59.7
KILS,KILS,35.8,36.3,36.7,37.3,37.8,38.7,39.3,39.8,40.5,41.7,43.6,45.0,46.7,48.5,50.3,52.5,54.8,57.2,59.9,62.5,64.6,67.1,69.6,71.9,74.0,74.8,76.9,79.1,81.6,84.3
KILT,KILT,58.0,58.6,59.3,60.1,61.0,62.3,63.1,63.8,64.7,66.4,69.0,71.0,73.3,75.9,78.4,81.5,84.5,87.8,91.5,95.1,97.9,101.4,104.8,108.0,110.9,112.2,115.0,118.1,121.5,125.0
KILW,KILW,36.2,36.9,37.5,38.1,38.7,40.0,40.7,41.3,42.2,43.7,46.1,47.9,49.9,52.2,54.5,57.3,60.0,63.1,66.7,70.1,72.6,75.9,79.1,82.2,84.7,85.6,88.4,91.5,95.0,98.7
KINL_P,KINL_P,6.2,6.3,6.3,6.4,6.4,6.5,6.5,6.5,6.5,6.6,6.7,6.8,6.9,7.0,7.1,7.2,7.3,7.4,7.6,7.7,7.8,7.9,8.1,8.2,8.3,8.4,8.5,8.6,8.8,8.9
KINO_1,KINO_1,206.6,211.3,214.7,218.2,222.3,224.2,227.2,229.8,233.6,239.8,246.0,253.4,262.2,271.7,281.5,292.0,302.8,314.1,326.4,338.3,351.8,363.8,375.5,386.6,396.5,407.6,416.8,426.4,436.9,447.8
KIRKB1,KIRKB1,242.6,246.6,249.9,253.3,256.9,258.5,260.2,260.1,259.3,264.2,269.8,275.6,282.6,289.9,297.3,305.7,314.1,322.9,332.3,341.5,352.7,362.1,371.2,379.8,387.4,394.9,401.9,409.1,417.0,425.1
KITW_1,KITW_1,366.8,374.3,376.7,379.2,382.4,382.6,383.7,383.4,384.3,389.1,394.5,401.0,409.2,418.0,426.8,435.5,444.9,454.6,464.9,474.9,485.0,495.2,505.1,514.5,522.8,530.4,537.6,544.8,552.6,560.5
KNAR,KNAR,176.8,179.6,181.8,184.1,186.8,188.0,190.0,191.5,193.9,198.1,202.6,207.7,213.6,220.0,226.4,231.9,239.0,246.4,254.2,261.8,269.3,276.8,284.1,291.1,297.3,301.4,306.6,311.8,317.5,323.2
LACK_6,LACK_6,190.6,194.0,195.5,197.0,199.0,199.1,200.5,201.4,203.5,206.9,210.7,215.1,220.4,226.2,231.9,237.6,244.1,250.6,257.5,264.1,271.6,278.2,284.7,290.7,296.2,301.0,305.3,309.3,313.6,317.9
LAIR_P,LAIR_P,3.8,3.8,3.9,3.9,4.0,4.1,4.2,4.3,4.4,4.6,4.8,5.0,5.2,5.5,5.7,6.0,6.3,6.6,6.9,7.1,7.4,7.6,7.9,8.1,8.4,8.5,8.7,8.7,8.8,8.9
LALE1SG003,LALE1SG003,256.0,260.5,263.5,266.6,270.2,271.3,272.6,272.5,272.4,276.5,280.8,285.9,292.2,298.8,305.6,312.7,319.6,326.7,334.3,341.7,349.9,357.6,365.2,372.4,379.0,385.6,391.5,397.4,403.9,410.4
LAND1,LAND1,227.4,231.7,233.7,235.8,238.4,240.0,242.2,244.0,247.2,252.4,257.7,264.2,271.9,280.1,288.4,295.4,304.7,314.4,324.7,334.5,341.4,350.9,360.0,368.6,376.4,380.3,386.4,392.3,398.7,405.2
LEGA_1,LEGA_1,328.0,332.8,336.4,340.1,344.5,347.4,351.2,354.3,359.3,367.2,375.1,384.4,395.4,407.1,418.8,426.7,439.5,452.6,466.4,479.7,489.4,502.3,514.9,526.7,537.4,543.6,552.1,560.1,568.8,577.5
LEVE,LEVE,35.7,36.3,36.7,37.3,37.9,38.8,39.5,40.1,41.1,42.4,44.4,46.1,48.0,50.1,52.3,54.9,57.5,60.2,63.2,66.0,68.4,71.2,73.8,76.4,78.6,79.8,81.8,83.9,86.1,88.5
LING,LING,43.3,43.9,44.8,45.8,47.0,48.7,50.1,51.7,53.8,56.5,59.9,63.1,66.7,70.6,74.7,79.4,84.3,89.3,94.6,99.6,103.8,108.6,113.2,117.6,121.6,123.8,126.9,129.7,132.7,135.9
LINM,LINM,57.7,58.8,59.8,61.0,62.5,64.7,66.8,69.3,72.8,76.6,81.5,86.1,91.3,96.9,102.7,109.6,116.7,123.9,131.4,138.6,144.7,151.5,158.0,164.3,170.0,173.1,177.3,181.0,185.0,189.2
LISD_1,LISD_1,337.1,343.1,347.3,351.5,356.5,360.2,364.8,369.2,375.6,385.4,397.6,409.5,423.3,438.1,453.1,472.2,490.2,509.1,529.5,549.1,572.3,591.9,610.8,628.6,644.3,658.7,672.7,687.1,702.9,719.2
LITT_C,LITT_C,157.5,159.4,161.3,163.3,165.6,166.5,167.5,167.7,168.2,170.5,173.0,175.8,179.3,182.9,186.5,190.2,193.7,197.2,200.9,204.6,208.5,212.4,216.2,220.0,223.4,226.7,229.7,232.7,235.9,239.0
LITT_J,LITT_J,14.4,15.9,17.4,19.1,21.0,22.4,23.8,25.4,27.3,29.6,31.9,34.6,37.7,41.1,44.9,49.2,53.0,57.2,61.9,66.5,71.8,76.6,81.1,85.6,89.5,94.4,98.6,103.5,108.8,114.4
LODR_6,LODR_6,347.1,264.1,268.0,272.1,276.3,278.3,280.2,280.4,280.3,285.1,289.4,294.8,301.3,308.1,315.1,322.6,329.7,337.3,345.8,354.1,363.6,372.4,381.0,389.3,396.5,405.8,413.4,421.9,431.2,440.7
LOUD_H,LOUD_H,54.5,56.1,57.3,58.6,60.1,60.8,61.4,61.7,62.0,63.5,65.1,67.0,69.3,71.8,74.4,77.1,79.6,82.3,85.2,88.0,91.0,93.9,96.7,99.5,102.1,104.4,106.8,109.3,112.0,114.8
LOVE_1,LOVE_1,555.7,566.0,573.6,581.5,590.3,594.3,600.0,603.1,607.0,620.6,633.5,649.5,668.5,688.8,709.4,731.0,754.1,777.9,803.2,827.6,852.9,877.4,901.1,923.6,943.8,964.0,981.3,998.5,1017.2,1036.3
LUNA_P,LUNA_P,31.5,31.9,32.3,32.8,33.4,34.1,34.8,35.4,36.3,37.5,39.0,40.5,42.1,44.0,45.8,48.0,50.2,52.4,54.8,57.1,59.0,61.2,63.3,65.4,67.2,68.4,69.9,71.2,72.7,74.3
LYND_P,LYND_P,25.0,25.4,25.7,26.0,26.4,26.9,27.2,27.5,27.9,28.7,29.7,30.7,31.7,32.9,34.1,35.5,37.0,38.5,40.2,41.9,43.1,44.7,46.3,47.7,49.0,49.7,50.9,52.3,53.8,55.4
MACC_3,MACC_3,108.6,110.8,113.0,115.4,118.2,119.3,120.9,122.1,123.7,126.7,129.7,133.3,137.6,142.2,147.0,150.8,155.5,160.5,165.8,171.0,176.6,182.0,187.3,192.4,197.0,200.9,205.2,209.7,214.7,219.7
MACD_P,MACD_P,28.0,28.2,28.4,28.7,29.0,29.2,29.3,29.3,29.4,29.9,30.3,30.8,31.4,32.0,32.6,33.2,33.9,34.6,35.4,36.1,36.6,37.4,38.2,38.9,39.6,39.9,40.5,41.2,41.9,42.6
MAGA_6,MAGA_6,76.2,77.4,77.9,78.5,79.3,79.5,80.0,80.3,80.9,82.3,83.8,85.5,87.7,89.9,92.1,94.4,96.9,99.4,102.0,104.4,107.0,109.4,111.8,114.0,116.1,118.1,119.5,120.7,121.9,123.1
MANN_1,MANN_1,661.9,673.5,682.7,692.4,703.6,710.6,720.3,728.8,740.8,760.7,779.8,803.0,830.2,859.2,888.8,917.4,950.8,985.0,1021.2,1056.0,1087.5,1121.5,1154.6,1185.9,1214.2,1236.2,1259.2,1281.2,1305.2,1329.8
MAYB,MAYB,19.9,20.0,20.4,20.8,21.3,22.0,22.6,23.4,24.5,25.7,27.1,28.5,30.1,31.8,33.5,35.6,37.7,39.8,42.0,44.0,45.9,47.8,49.7,51.5,53.2,54.3,55.4,56.3,57.3,58.4
MELK_1,MELK_1,486.8,494.8,500.4,506.3,513.0,517.1,522.8,527.2,533.8,546.3,558.2,573.0,590.4,608.9,627.5,644.2,665.5,687.3,710.2,732.2,750.8,772.2,793.0,812.6,830.3,843.0,857.1,870.4,884.9,899.6
MILC_P,MILC_P,50.6,51.3,51.9,52.6,53.3,54.3,55.0,55.6,56.4,58.0,60.1,62.0,64.2,66.6,69.0,71.7,74.6,77.6,81.0,84.3,86.6,89.8,92.8,95.7,98.3,99.3,101.7,104.2,107.0,109.9
MILH_1,MILH_1,159.8,164.5,168.6,172.9,177.6,180.4,183.8,186.4,189.0,196.1,202.7,210.7,220.1,230.3,240.9,253.0,264.9,277.6,291.6,305.1,320.8,334.4,347.6,360.1,371.2,384.7,395.5,407.1,419.9,433.3
MITY_1,MITY_1,396.5,405.4,412.1,419.1,426.5,430.3,433.2,432.2,428.4,438.2,448.4,460.3,474.4,489.6,505.0,520.0,536.9,554.1,571.9,589.1,604.5,621.4,637.9,653.6,668.0,678.2,689.3,699.6,710.6,721.8
MYBS_P,MYBS_P,11.3,11.5,11.6,11.8,12.0,12.2,12.4,12.7,13.1,13.6,14.0,14.6,15.2,15.8,16.5,17.2,18.0,18.8,19.6,20.4,21.0,21.7,22.4,23.0,23.7,24.1,24.5,24.8,25.1,25.5
NAIR_P,NAIR_P,31.0,31.3,31.6,32.0,32.4,32.8,33.2,33.5,34.0,34.7,35.6,36.5,37.6,38.7,39.9,41.0,42.4,43.8,45.2,46.6,47.6,49.0,50.3,51.6,52.8,53.3,54.3,55.2,56.2,57.3
NEAR,NEAR,79.4,80.8,81.9,83.2,84.7,87.3,89.3,91.6,94.9,98.7,104.2,108.9,114.4,120.2,126.3,133.5,140.9,148.6,156.8,164.8,171.2,178.8,186.1,193.0,199.2,202.2,207.4,212.6,218.3,224.2
NECE_1,NECE_1,395.5,403.8,410.5,417.4,425.3,429.7,436.2,441.8,449.1,462.5,475.1,490.6,508.8,528.3,548.3,569.4,592.2,615.9,641.3,665.7,691.9,716.2,739.7,762.1,782.0,803.2,820.7,838.4,857.8,877.8
NEEP_3,NEEP_3,78.9,80.5,81.7,82.9,84.4,85.3,86.3,87.2,88.3,90.6,93.3,96.1,99.3,102.9,106.5,110.5,114.6,118.7,123.2,127.4,132.3,136.6,140.8,144.7,148.3,151.7,154.6,157.5,160.6,163.8
NETS,NETS,12.6,12.7,12.8,13.1,13.4,13.7,14.1,14.5,15.1,15.8,16.5,17.3,18.1,19.0,20.0,21.1,22.2,23.4,24.5,25.6,26.6,27.7,28.7,29.7,30.6,31.2,31.8,32.3,32.9,33.5
NEWX_6,NEWX_6,367.4,372.1,377.3,382.6,388.1,390.9,394.1,395.3,396.7,403.9,410.4,418.5,428.2,438.4,448.5,460.0,471.0,482.6,495.4,507.9,522.0,534.9,547.5,559.6,570.2,583.4,594.0,605.4,617.9,630.5
NFLE,NFLE,446.9,454.3,459.6,465.3,472.0,475.4,480.0,483.3,488.3,498.7,509.8,522.5,537.6,553.7,570.1,587.8,606.0,624.3,643.2,661.3,680.9,699.1,716.9,733.8,749.3,764.1,776.0,786.8,798.4,810.1
NHYD_6,NHYD_6,150.1,152.7,155.0,157.4,160.1,161.3,162.6,163.0,163.4,166.5,169.6,173.3,177.7,182.5,187.3,192.4,197.4,202.5,208.1,213.5,219.5,225.1,230.6,235.9,240.7,245.7,250.1,254.6,259.5,264.5
NINF_1,NINF_1,447.6,456.1,462.0,468.3,475.8,480.0,486.2,491.6,499.6,512.7,525.5,541.0,559.3,578.8,598.8,619.6,642.2,665.3,689.5,712.7,736.0,759.0,781.3,802.4,821.6,839.4,854.8,869.3,885.1,901.2
NORL_3,NORL_3,56.4,57.7,58.5,59.4,60.4,60.9,61.6,62.1,62.8,64.3,66.1,68.0,70.2,72.5,75.0,77.7,80.5,83.4,86.6,89.6,93.4,96.5,99.6,102.4,105.0,107.6,110.0,112.6,115.4,118.3
NORM_1;SALL1,NORM_1;SALL1,599.0,609.8,618.3,626.9,636.7,644.3,652.9,660.5,671.5,689.1,705.1,725.3,749.0,774.3,800.1,817.1,845.3,875.0,907.2,938.4,958.7,988.8,1017.9,1045.5,1069.8,1082.6,1104.4,1127.1,1151.8,1177.3
NORT_1,NORT_1,480.9,488.1,493.5,499.3,506.0,509.6,515.1,519.6,526.8,538.2,551.5,565.3,581.7,599.2,616.7,636.5,656.7,677.3,699.1,720.0,744.3,765.4,785.8,805.2,822.6,838.3,852.5,866.2,881.1,896.2
NURS_1,NURS_1,309.1,314.7,320.0,325.6,331.9,335.5,340.5,344.7,350.5,360.4,369.6,380.9,394.3,408.5,423.1,438.4,454.5,471.2,488.8,505.8,523.2,540.2,556.7,572.5,586.7,600.5,612.6,624.5,637.4,650.7
OCKH_1,OCKH_1,105.7,107.8,109.2,110.6,112.3,113.1,114.1,115.0,116.3,118.8,121.2,124.2,127.7,131.5,135.5,139.3,143.4,147.7,152.3,156.8,161.2,165.7,170.1,174.4,178.2,181.6,185.0,188.4,192.2,196.1
OFFE_3,OFFE_3,54.0,54.9,55.5,56.0,56.6,56.9,57.3,57.6,58.1,59.2,60.5,61.8,63.5,65.2,66.9,68.9,70.8,72.9,75.2,77.3,80.0,82.2,84.3,86.3,88.1,89.8,91.3,93.0,94.8,96.7
OLDB_1,OLDB_1,98.5,100.4,101.7,103.1,104.7,105.7,107.3,109.0,111.3,114.6,117.7,121.5,126.0,130.7,135.6,140.4,146.1,151.9,158.2,164.2,170.2,176.1,181.7,187.1,191.9,196.5,200.5,204.5,208.9,213.4
OSBA_1,OSBA_1,327.1,332.4,336.7,341.3,346.5,349.3,353.9,357.8,363.5,372.9,382.9,393.9,406.8,420.5,434.5,448.4,464.5,480.9,498.2,514.8,532.6,549.0,565.0,580.1,593.7,604.6,615.6,626.1,637.5,649.2
PADIB1,PADIB1,243.0,247.4,251.0,254.9,259.3,262.3,266.8,271.4,277.8,286.5,296.7,307.1,319.1,332.0,345.1,360.8,376.5,392.6,409.7,426.1,445.9,462.2,478.0,492.9,506.2,519.0,530.0,540.8,552.6,564.8
PAIS,PAIS,28.3,28.5,28.9,29.3,29.8,30.2,30.5,30.5,30.5,31.1,32.1,32.8,33.7,34.7,35.7,36.8,38.0,39.2,40.6,41.9,43.0,44.3,45.6,46.8,47.9,48.5,49.6,50.8,52.1,53.4
PART,PART,38.7,39.2,39.6,40.1,40.7,41.5,42.0,42.4,43.0,44.1,45.8,47.1,48.7,50.4,52.1,54.2,56.3,58.5,61.0,63.4,65.3,67.6,69.9,72.1,74.0,74.9,76.8,78.9,81.1,83.5
PEHG_P,PEHG_P,20.0,20.1,20.2,20.4,20.5,20.6,20.7,20.6,20.5,20.7,20.9,21.1,21.4,21.7,21.9,22.2,22.5,22.7,23.0,23.4,23.7,24.0,24.3,24.7,25.0,25.2,25.5,25.9,26.2,26.6
PEHS_P;STRI_P,PEHS_P;STRI_P,27.6,27.9,28.3,28.7,29.2,29.9,30.4,30.9,31.7,32.7,34.1,35.3,36.8,38.3,39.9,41.8,43.7,45.7,47.8,49.8,51.4,53.3,55.2,57.0,58.7,59.6,61.0,62.3,63.7,65.2
PELH_1,PELH_1,284.3,289.8,293.9,298.6,304.2,308.0,312.9,317.7,324.5,334.4,344.7,356.6,370.4,385.3,400.7,416.5,433.7,451.0,468.6,485.4,501.6,518.1,534.0,549.2,563.4,574.5,584.4,592.6,601.6,610.6
PEMB_1,PEMB_1,200.3,202.7,204.7,206.9,209.2,210.5,212.2,213.1,214.7,218.3,222.0,226.2,231.2,236.5,241.7,244.9,250.5,256.2,262.3,268.2,273.2,279.1,285.0,290.5,295.4,299.5,303.8,308.2,312.9,317.6
PENE_1,PENE_1,405.7,410.8,414.1,417.4,421.2,422.3,424.2,424.4,425.7,431.2,437.6,444.3,452.6,461.3,469.8,479.2,488.7,498.3,508.5,518.4,530.0,540.3,550.4,559.9,568.4,576.1,583.5,590.9,599.0,606.9
PENN_1,PENN_1,280.8,286.1,288.0,290.1,292.6,292.9,293.7,293.3,293.9,297.2,301.2,305.8,311.6,317.8,324.1,330.9,337.5,344.2,351.5,358.6,366.5,373.8,381.0,387.8,393.9,400.5,406.0,411.6,417.7,423.8
PENT_1,PENT_1,131.4,133.4,134.9,136.4,138.1,139.0,140.4,141.5,143.3,146.4,149.0,152.5,156.7,161.1,165.5,167.3,172.1,177.0,182.3,187.4,190.4,195.4,200.1,204.7,208.7,210.8,214.3,217.7,221.4,225.1
PENW_1;STAH_1;WABO,PENW_1;STAH_1;WABO,458.3,465.2,470.1,475.2,481.0,484.2,489.0,492.7,498.6,509.1,521.1,533.7,548.7,564.5,580.4,599.0,617.5,636.6,656.9,676.4,698.6,718.2,737.2,755.2,771.2,785.4,799.0,812.3,826.8,841.6
PERS_P,PERS_P,43.8,44.4,45.0,45.6,46.3,47.3,48.0,48.7,49.5,51.0,52.9,54.7,56.7,58.9,61.1,63.7,66.4,69.2,72.2,75.2,77.5,80.3,83.1,85.7,88.1,89.4,91.5,93.8,96.3,98.9
PITS_3,PITS_3,48.8,49.4,50.2,50.9,51.7,52.1,52.6,52.9,53.3,54.2,55.4,56.5,57.9,59.4,60.8,62.4,64.0,65.7,67.5,69.3,71.6,73.5,75.4,77.1,78.7,80.4,82.0,83.7,85.6,87.6
POOB,POOB,88.1,89.2,90.3,91.5,92.8,94.8,96.0,97.0,98.3,101.0,105.0,108.2,112.0,116.0,120.1,125.0,130.0,135.3,141.2,147.0,151.5,157.1,162.5,167.7,172.2,174.2,178.6,183.5,188.9,194.4
POPP_3,POPP_3,45.7,46.6,47.5,48.4,49.4,49.7,50.4,50.9,51.6,52.8,54.1,55.6,57.3,59.2,61.2,62.2,64.2,66.3,68.7,70.9,73.3,75.6,77.8,80.0,81.8,83.1,84.9,86.8,89.0,91.2
PORA_P,PORA_P,25.3,25.5,25.7,26.0,26.3,26.5,26.7,26.9,27.2,27.8,28.3,28.9,29.7,30.5,31.3,32.0,32.9,33.8,34.7,35.6,36.2,37.1,38.0,38.8,39.6,40.0,40.6,41.0,41.5,42.0
PORD,PORD,33.9,34.2,34.6,35.1,35.6,36.3,36.8,37.2,37.8,38.8,40.2,41.4,42.8,44.3,45.9,47.8,49.6,51.5,53.7,55.8,57.5,59.5,61.4,63.3,65.0,65.8,67.4,69.0,70.8,72.6
PYLE_1,PYLE_1,141.5,143.4,144.6,145.8,147.2,147.7,148.5,148.7,149.4,151.6,154.0,156.7,160.0,163.4,166.8,170.0,173.7,177.5,181.4,185.3,189.6,193.5,197.3,200.9,204.2,208.0,210.6,213.2,215.9,218.6
QUOI_P,QUOI_P,0.3,0.3,0.3,0.3,0.3,0.3,0.4,0.4,0.4,0.5,0.5,0.6,0.6,0.7,0.8,0.8,0.9,1.0,1.1,1.1,1.2,1.3,1.3,1.4,1.4,1.5,1.5,1.5,1.5,1.5
RAIN_1,RAIN_1,389.9,395.2,397.8,400.5,403.9,404.9,406.6,407.0,408.8,414.1,420.5,427.2,435.6,444.4,453.0,462.5,472.1,481.7,491.6,501.1,511.9,521.7,531.3,540.3,548.5,555.7,562.0,567.6,573.7,579.6
RANN_P,RANN_P,0.1,0.2,0.3,0.4,0.6,0.8,1.0,1.3,1.5,1.9,2.4,2.9,3.4,4.0,4.7,5.4,6.2,7.0,7.7,8.4,9.0,9.7,10.3,10.8,11.4,11.8,12.1,12.2,12.3,12.4
RASS_1,RASS_1,214.9,218.2,220.5,222.9,225.8,227.9,230.6,233.1,237.0,242.7,248.4,255.1,262.9,271.3,279.6,285.6,295.0,304.5,314.5,324.1,332.2,341.5,350.6,359.1,366.9,372.9,379.0,384.7,390.8,397.0
RATS_1,RATS_1,471.9,479.2,484.8,490.7,497.4,500.6,504.9,507.7,512.2,522.0,532.0,543.7,557.7,572.6,587.7,604.9,621.5,638.5,656.7,674.3,695.0,713.1,730.7,747.4,762.5,779.8,793.2,806.6,821.2,836.0
RAYL_1,RAYL_1,500.9,509.6,515.7,522.3,530.0,534.1,540.2,545.1,552.7,565.6,578.7,594.2,612.4,632.0,651.8,673.5,695.9,718.8,742.9,766.0,790.9,814.0,836.5,857.8,877.1,896.6,912.4,927.5,944.0,960.7
REBR_3,REBR_3,125.5,127.8,129.4,131.1,133.0,133.8,134.8,135.2,135.9,138.5,141.0,144.1,147.8,151.8,155.8,160.4,164.8,169.3,174.2,179.0,184.2,189.0,193.8,198.3,202.4,206.9,210.6,214.5,218.7,223.0
REDH,REDH,40.9,41.4,41.7,42.2,42.6,43.3,43.6,43.9,44.2,45.1,46.5,47.6,48.8,50.2,51.6,53.3,55.0,56.8,58.8,60.7,62.3,64.2,66.1,67.9,69.5,70.3,71.8,73.6,75.6,77.6
REDM_P,REDM_P,41.7,42.1,42.6,43.2,43.8,44.6,45.2,45.6,46.2,47.3,48.8,50.1,51.7,53.3,55.0,57.0,58.9,61.1,63.4,65.7,67.4,69.7,71.8,73.9,75.8,76.8,78.6,80.6,82.7,85.0
ROCH_1,ROCH_1,250.4,253.8,256.3,259.0,262.1,263.6,266.0,267.8,270.8,276.1,282.0,288.4,295.9,303.9,312.0,321.1,330.3,339.6,349.2,358.5,369.3,378.7,387.9,396.5,404.3,411.6,417.8,423.5,429.7,435.9
RUGEB1,RUGEB1,227.5,231.8,233.9,236.3,239.1,239.8,240.9,241.1,242.1,245.4,249.3,253.7,259.1,265.0,271.0,276.8,282.8,288.9,295.6,302.1,309.1,315.8,322.4,328.8,334.4,339.5,344.7,350.0,355.8,361.6
RYEH_1,RYEH_1,397.8,404.7,409.3,414.2,419.8,421.9,424.8,425.8,427.4,435.2,443.2,452.8,464.3,476.6,489.1,501.9,515.4,528.9,543.0,556.5,571.1,584.8,598.3,611.1,622.8,633.7,642.9,651.4,660.6,669.8
SACO,SACO,68.1,69.1,69.4,69.9,70.4,70.9,71.2,71.2,71.4,72.5,74.1,75.5,77.2,79.0,80.8,83.0,85.2,87.4,89.9,92.2,94.4,96.7,99.0,101.3,103.2,104.4,106.2,108.1,110.2,112.3
SALH_1,SALH_1,258.0,260.8,262.5,264.2,266.0,265.7,265.9,264.5,263.5,265.2,267.1,269.3,272.3,275.3,278.0,280.4,283.0,285.7,288.5,291.4,295.1,298.4,301.7,304.8,307.5,310.3,313.0,315.9,319.1,322.0
SALT_1,SALT_1,75.0,76.1,77.1,78.1,79.3,79.9,80.9,81.6,82.8,84.6,86.7,88.9,91.5,94.2,97.0,99.7,102.8,105.9,109.3,112.5,115.8,119.1,122.2,125.2,128.0,130.0,132.3,134.5,136.9,139.3
SANX,SANX,30.5,30.8,31.2,31.6,32.0,32.7,33.1,33.4,33.8,34.7,36.0,37.0,38.2,39.5,40.8,42.4,43.9,45.6,47.6,49.4,50.9,52.7,54.5,56.2,57.6,58.3,59.8,61.4,63.3,65.2
SBAR,SBAR,173.9,177.2,179.9,182.7,186.0,187.5,189.4,190.8,192.8,196.9,201.1,206.1,211.9,218.3,224.8,232.1,239.0,246.1,254.0,261.6,270.5,278.4,286.0,293.4,300.0,307.7,314.0,320.7,328.0,335.4
SEAB1,SEAB1,370.7,376.3,379.8,383.4,387.6,389.5,392.3,393.8,396.4,403.5,410.9,419.5,429.7,440.6,451.4,463.1,475.4,488.0,501.2,513.9,527.1,539.9,552.3,564.1,574.6,584.5,593.1,601.4,610.5,619.5
SELL_1,SELL_1,118.4,121.8,125.1,128.8,133.3,136.5,141.1,146.2,152.9,161.0,168.8,178.2,189.0,200.6,212.9,224.8,238.5,252.3,266.7,280.3,293.1,306.4,319.2,331.4,342.7,351.5,359.7,366.9,374.7,382.8
SFEG_P,SFEG_P,5.7,5.7,5.8,5.9,6.0,6.1,6.1,6.2,6.3,6.4,6.6,6.8,6.9,7.2,7.4,7.6,7.8,8.1,8.4,8.7,8.9,9.2,9.4,9.7,9.9,10.1,10.3,10.5,10.8,11.1
SFIL_P,SFIL_P,2.1,2.2,2.3,2.4,2.5,2.6,2.7,2.8,2.9,3.1,3.3,3.5,3.8,4.1,4.3,4.8,5.1,5.5,5.8,6.1,6.5,6.9,7.2,7.5,7.8,8.2,8.4,8.7,8.9,9.2
SHEC_3,SHEC_3,77.1,77.6,78.8,80.0,81.3,82.0,82.8,83.1,83.6,85.0,86.5,88.1,89.9,91.8,93.6,95.7,97.6,99.7,102.0,104.3,107.3,109.8,112.2,114.5,116.6,118.9,121.1,123.5,126.2,128.9
SHIN_P,SHIN_P,1.8,1.8,1.8,1.9,2.0,2.0,2.2,2.3,2.5,2.7,2.9,3.1,3.4,3.7,4.0,4.3,4.6,5.0,5.3,5.6,5.9,6.1,6.4,6.7,6.9,7.1,7.2,7.3,7.4,7.5
SHRU,SHRU,51.5,52.0,52.6,53.4,54.1,55.2,55.8,56.3,56.9,58.3,60.4,62.1,64.0,66.1,68.2,70.6,73.1,75.8,78.9,81.9,84.2,87.1,90.0,92.7,95.1,96.1,98.5,101.3,104.3,107.5
SHRW_1,SHRW_1,94.9,96.7,98.0,99.3,100.9,102.1,103.6,105.0,107.0,110.1,113.2,116.9,121.1,125.6,130.2,135.1,140.5,146.0,151.9,157.5,163.3,168.8,174.2,179.3,183.8,188.2,192.0,195.8,199.8,204.0
SIGH,SIGH,88.8,89.9,91.0,92.3,93.7,95.8,97.1,98.1,99.5,102.2,106.4,109.7,113.6,117.7,121.9,127.0,132.0,137.5,143.5,149.4,154.0,159.7,165.3,170.5,175.2,177.3,181.7,186.7,192.1,197.6
SJOW_1,SJOW_1,639.1,643.2,653.1,663.1,673.1,678.5,683.2,682.8,681.3,691.2,699.9,710.2,722.7,735.3,747.7,760.4,772.6,785.0,798.9,812.7,828.7,843.7,858.8,873.2,886.1,902.0,915.6,930.4,946.6,962.5
SKLGB1,SKLGB1,577.3,587.3,593.0,598.7,605.1,607.2,609.8,609.2,608.5,617.9,629.4,641.2,655.6,670.9,686.0,703.9,721.4,739.6,759.2,778.2,801.3,820.8,839.6,857.5,873.1,888.1,902.3,917.0,933.1,949.4
SLOY_P,SLOY_P,2.0,2.1,2.2,2.3,2.4,2.5,2.6,2.6,2.5,2.7,2.9,3.2,3.4,3.7,4.0,4.4,4.7,5.1,5.5,5.8,6.1,6.4,6.7,6.9,7.2,7.4,7.5,7.6,7.7,7.8
SMAN_1,SMAN_1,344.4,350.6,355.5,360.4,365.7,368.4,372.4,375.0,378.3,387.3,397.1,407.6,420.0,433.2,446.5,462.0,477.6,494.1,512.2,529.7,550.2,567.8,584.8,600.9,614.9,627.8,641.1,655.1,670.5,686.4
SPAV,SPAV,30.3,30.5,30.9,31.3,31.7,32.3,32.8,33.1,33.6,34.4,35.6,36.6,37.8,39.1,40.3,41.8,43.3,45.0,46.7,48.5,49.9,51.6,53.2,54.8,56.2,56.9,58.2,59.6,61.2,62.9
SPEN_1,SPEN_1,239.3,243.8,246.7,249.8,253.7,256.3,260.3,264.5,270.9,278.9,288.1,297.9,309.2,321.4,333.8,347.2,361.8,376.6,392.0,406.7,422.7,437.1,451.1,464.2,476.2,485.9,495.0,503.1,512.0,521.0
SSHI_3,SSHI_3,74.5,75.9,76.6,77.3,78.1,78.3,78.7,78.8,79.2,80.4,82.0,83.6,85.5,87.6,89.6,91.9,94.3,96.8,99.5,102.2,105.5,108.3,110.9,113.4,115.6,117.7,119.9,122.2,124.7,127.3
STAL_1,STAL_1,380.7,387.4,391.1,395.1,400.0,402.1,405.1,407.1,410.8,418.3,427.1,436.6,448.0,460.3,472.7,486.6,500.3,514.2,528.7,542.7,558.4,572.5,586.3,599.4,611.3,622.2,631.7,640.6,650.2,659.8
STAY_1,STAY_1,240.1,243.9,248.0,252.7,258.0,262.0,266.7,271.3,277.7,286.3,295.0,305.0,316.7,329.2,342.1,353.6,367.6,381.6,396.1,410.0,422.1,435.7,449.0,461.7,473.5,481.2,489.9,497.6,505.8,514.2
STEN_1,STEN_1,219.7,222.8,225.8,229.0,232.6,234.6,237.4,239.6,242.8,248.4,254.6,261.1,268.8,276.9,285.1,293.9,303.2,312.8,323.1,333.0,344.6,354.7,364.5,373.7,382.0,389.5,396.7,404.0,411.9,420.0
STES_1,STES_1,219.8,223.5,225.7,228.1,231.0,232.1,234.2,235.7,238.3,243.0,248.3,254.1,261.0,268.4,275.8,283.5,291.9,300.5,309.5,318.2,328.1,336.9,345.4,353.4,360.7,367.0,372.9,378.5,384.7,390.9
STHA,STHA,50.4,51.1,51.6,52.2,52.8,53.8,54.3,54.7,55.2,56.4,58.4,60.0,61.7,63.7,65.6,68.0,70.3,72.9,75.8,78.7,80.8,83.6,86.3,88.9,91.1,92.0,94.3,97.0,99.9,103.0
STIR,STIR,55.3,55.7,56.3,57.0,57.7,58.5,59.0,59.1,59.3,60.5,62.1,63.4,65.0,66.7,68.4,70.4,72.4,74.5,76.8,79.2,81.1,83.4,85.7,87.9,89.8,90.8,92.8,95.0,97.4,99.9
STLE,STLE,37.9,38.4,39.1,39.8,40.6,41.7,42.5,43.1,43.9,45.5,47.7,49.6,51.9,54.3,56.8,59.8,62.8,65.9,69.1,72.3,75.0,78.0,80.9,83.7,86.2,87.6,89.7,91.6,93.7,95.8
SUND_1,SUND_1,690.8,702.7,709.5,716.9,725.6,729.1,734.3,736.7,740.9,754.6,769.2,786.3,806.8,828.7,850.7,874.2,898.8,923.4,948.9,973.3,999.3,1023.8,1047.7,1070.3,1091.0,1110.3,1125.9,1139.7,1154.6,1169.4
SWAN_1,SWAN_1,630.8,639.9,646.6,653.6,661.8,667.5,675.0,681.4,691.5,707.1,723.3,741.8,763.6,786.8,810.0,826.7,852.7,879.1,906.8,933.4,955.6,981.5,1006.7,1030.4,1051.9,1068.4,1085.2,1100.8,1117.7,1134.8
TARL_P,TARL_P,15.6,15.9,16.3,16.7,17.3,18.2,19.0,20.1,21.6,23.1,24.8,26.6,28.7,30.9,33.2,35.8,38.6,41.4,44.2,46.8,49.1,51.6,54.1,56.4,58.5,59.9,61.3,62.3,63.5,64.7
TAUN1,TAUN1,144.9,147.4,149.2,151.2,153.6,155.5,158.0,160.4,163.9,168.7,173.6,179.3,185.9,193.0,200.3,207.1,215.3,223.7,232.5,240.9,247.4,255.4,263.2,270.6,277.3,281.1,286.0,290.4,295.2,300.1
TAYN_P,TAYN_P,33.1,33.3,33.6,34.0,34.5,34.7,35.0,35.3,35.7,36.4,37.0,37.8,38.8,39.8,40.9,41.7,42.9,44.1,45.3,46.5,47.2,48.3,49.4,50.5,51.5,52.0,52.8,53.4,54.2,54.9
TELR,TELR,23.4,24.0,24.3,24.7,25.1,25.8,26.3,26.7,27.2,28.2,29.8,31.0,32.3,33.8,35.4,37.3,39.2,41.2,43.5,45.8,47.5,49.6,51.7,53.6,55.3,55.9,57.6,59.5,61.5,63.7
TEMP_3,TEMP_3,9.0,9.4,9.9,10.4,10.9,11.2,11.6,12.0,12.5,13.1,13.8,14.6,15.4,16.4,17.4,18.3,19.4,20.5,21.8,23.1,24.7,26.1,27.3,28.6,29.6,30.8,32.0,33.3,34.8,36.4
THOM_6,THOM_6,129.0,132.0,134.9,138.0,141.5,144.0,147.8,151.8,157.0,164.1,171.4,179.7,189.2,199.4,209.9,220.5,232.8,245.4,258.5,270.9,284.1,296.2,307.9,318.9,329.0,336.9,344.5,351.3,358.7,366.4
THSO_P,THSO_P,31.8,32.2,32.6,33.0,33.5,33.7,34.1,34.3,34.6,35.3,35.9,36.8,37.8,38.9,40.0,40.9,42.2,43.4,44.8,46.1,46.7,48.0,49.3,50.5,51.6,52.1,53.0,53.9,55.0,56.0
THUR_6,THUR_6,235.9,240.6,243.1,245.9,249.3,250.8,253.1,254.9,258.0,263.4,269.7,276.5,284.6,293.4,302.4,311.9,321.8,332.0,342.6,352.7,364.3,374.6,384.5,394.0,402.6,410.5,417.3,423.7,430.7,437.7
TILBB_1,TILBB_1,248.1,252.7,254.4,256.3,258.8,259.2,260.1,260.1,261.1,264.5,268.5,273.1,278.9,285.1,291.3,297.8,304.4,311.0,317.9,324.5,331.3,338.0,344.6,350.8,356.5,361.6,365.9,369.8,374.1,378.2
TONG;CAFA;EAST;GLLE;KEOO,TONG;CAFA;EAST;GLLE;KEOO,28.9,29.1,29.4,29.7,30.1,30.4,30.7,30.8,31.0,31.6,32.4,33.1,33.9,34.7,35.6,36.5,37.5,38.6,39.7,40.9,41.8,43.0,44.1,45.2,46.1,46.6,47.6,48.7,49.8,51.0
TOTT_1,TOTT_1,340.9,347.2,351.5,356.1,361.2,363.3,366.0,367.1,368.8,375.7,382.4,390.7,400.8,411.5,422.3,434.6,446.4,458.6,471.8,484.7,498.7,511.8,524.6,536.9,547.7,560.0,570.0,580.6,592.0,603.7
TRAW_1,TRAW_1,122.1,124.4,126.4,128.5,131.0,132.2,135.1,138.3,142.9,148.2,152.2,158.1,165.0,172.3,179.8,183.6,192.0,200.4,209.2,217.5,222.8,230.6,238.2,245.3,251.9,255.3,260.0,264.0,268.3,272.7
TUMB_P,TUMB_P,11.6,11.8,12.1,12.5,13.0,13.5,14.1,14.8,15.7,16.8,17.9,19.2,20.6,22.1,23.7,25.6,27.5,29.4,31.3,33.0,34.8,36.4,38.1,39.6,41.1,42.3,43.2,43.9,44.6,45.3
TYNE_1;TYNE_2,TYNE_1;TYNE_2,218.6,222.1,224.3,226.4,228.9,229.8,231.2,232.0,233.5,237.3,242.0,246.7,252.5,258.6,264.7,271.5,278.4,285.6,293.4,301.0,310.3,318.0,325.6,332.7,339.0,345.0,350.7,356.7,363.3,369.9
UPPB_1;UPPB_3,UPPB_1;UPPB_3,253.0,257.0,259.3,261.8,264.9,267.2,270.4,273.4,278.3,284.9,292.2,300.2,309.6,319.7,329.8,339.9,351.7,363.4,375.6,387.1,399.0,410.4,421.4,431.8,441.4,451.0,458.0,464.0,470.5,477.1
USKM_1;ALST_3,USKM_1;ALST_3,247.6,251.6,254.2,257.0,260.4,263.1,266.4,269.5,274.3,281.2,288.8,297.2,306.9,317.4,327.9,338.2,350.4,362.7,375.6,387.9,400.6,412.7,424.4,435.4,445.5,456.2,463.9,470.9,478.5,486.2
WALH_1,WALH_1,395.6,402.2,406.2,410.3,414.8,417.1,419.5,419.8,420.4,427.6,435.4,444.1,454.7,465.9,477.1,488.8,501.5,514.7,528.8,542.5,556.0,569.7,583.0,595.5,606.6,616.7,626.5,636.5,647.4,658.4
WALP_1,WALP_1,518.8,529.0,536.1,543.8,552.4,557.3,562.2,563.9,564.9,578.2,591.9,608.1,627.2,647.6,668.5,687.1,710.1,733.1,756.8,779.3,798.1,820.1,841.5,861.8,880.6,892.3,905.5,916.5,928.4,940.3
WALP_B,WALP_B,569.0,577.6,583.8,590.2,597.2,600.0,602.7,601.8,600.8,609.5,618.3,628.9,641.9,655.6,669.2,679.5,693.6,707.8,722.9,737.6,749.4,764.2,778.8,792.7,805.3,813.1,823.6,833.9,845.1,856.0
WARL_1,WARL_1,266.2,271.5,275.4,279.4,284.1,286.4,289.7,292.3,296.1,303.3,310.6,319.2,329.3,340.3,351.5,364.1,376.5,389.5,403.3,416.7,432.0,445.6,458.7,471.2,482.4,495.0,505.0,515.2,526.3,537.8
WASF_1;KIBY_G,WASF_1;KIBY_G,187.7,190.7,193.1,195.5,198.2,199.8,202.0,203.7,206.3,210.8,216.4,221.9,228.3,235.2,242.2,250.5,258.6,267.0,276.2,285.1,295.9,305.0,313.7,322.0,329.3,336.3,343.0,350.1,357.8,365.7
WATFS_1,WATFS_1,266.5,272.5,276.3,280.3,284.8,286.9,289.5,291.0,292.8,299.5,306.4,314.6,324.3,334.8,345.6,357.6,369.5,381.9,395.2,408.0,422.4,435.4,448.0,460.0,470.6,482.4,491.9,501.5,512.1,522.9
WBOL_6,WBOL_6,233.4,237.7,240.0,242.4,245.3,246.4,248.3,249.7,252.3,257.1,262.9,269.0,276.2,284.0,291.8,300.5,309.5,318.8,328.8,338.5,350.2,359.9,369.4,378.4,386.3,393.7,400.7,407.8,415.5,423.5
WBUR_1,WBUR_1,206.6,210.0,213.1,216.4,220.1,221.7,223.9,225.4,227.7,232.3,236.7,242.1,248.4,255.3,262.3,268.7,275.9,283.3,291.5,299.5,308.2,316.5,324.6,332.3,339.3,346.4,353.0,360.2,368.0,375.9
WFIE,WFIE,26.3,26.8,27.2,27.6,28.0,28.8,29.3,29.8,30.6,31.6,33.3,34.6,36.1,37.8,39.5,41.6,43.6,45.8,48.3,50.7,52.5,54.8,57.0,59.0,60.9,61.7,63.4,65.3,67.3,69.4
WGEO,WGEO,44.3,44.2,44.7,45.2,45.8,46.3,46.6,46.6,46.7,47.4,48.2,48.9,49.7,50.5,51.4,52.3,53.2,54.2,55.2,56.3,57.3,58.4,59.6,60.7,61.7,62.4,63.5,64.7,66.1,67.4
WHAM_1;ISLI_1,WHAM_1;ISLI_1,500.4,596.6,604.1,611.8,620.1,623.1,626.7,627.0,627.6,637.2,646.2,657.4,671.1,685.7,700.4,716.6,731.8,747.9,766.0,783.8,803.8,822.5,840.8,858.3,873.6,892.6,908.7,926.7,946.3,966.3
WHGA_1,WHGA_1,284.8,289.4,292.0,294.6,297.8,298.7,300.6,301.6,303.8,308.7,314.6,320.9,328.4,336.4,344.4,353.6,362.7,372.1,382.2,392.0,404.1,414.1,423.8,433.0,441.1,449.1,456.3,463.6,471.5,479.5
WHHO,WHHO,42.6,43.4,44.0,44.7,45.5,46.9,47.7,48.5,49.5,51.2,53.9,56.0,58.4,61.0,63.6,66.9,70.1,73.6,77.6,81.5,84.4,88.1,91.7,95.1,98.1,99.2,102.2,105.6,109.3,113.1
WIBA_3,WIBA_3,39.9,40.4,40.8,41.3,41.8,42.0,42.2,42.2,42.4,42.9,43.5,44.1,44.9,45.8,46.6,47.4,48.2,49.0,49.9,50.8,51.8,52.8,53.7,54.6,55.4,56.2,57.0,57.8,58.6,59.5
WIEN_1,WIEN_1,123.0,126.4,128.8,131.5,134.6,136.4,139.1,141.9,145.7,150.8,155.7,161.7,168.6,176.2,184.1,191.7,200.4,209.5,219.4,228.9,238.3,247.7,256.9,265.6,273.4,280.7,287.8,295.2,303.4,311.9
WILL_1,WILL_1,518.2,527.0,533.7,540.7,548.9,553.2,559.2,563.8,570.6,583.8,597.0,612.7,631.3,651.1,671.3,692.7,715.3,738.2,762.2,785.2,809.6,832.7,855.2,876.6,896.0,914.9,930.5,945.2,961.2,977.4
WIMBS1;WIMBN1,WIMBS1;WIMBN1,640.6,651.2,659.5,667.9,677.0,681.0,686.0,687.5,689.5,702.3,714.0,728.8,746.7,765.6,784.6,806.2,827.2,849.4,873.6,897.2,923.7,947.8,971.3,993.7,1013.3,1037.6,1056.7,1077.2,1099.6,1122.5
WIOW_P,WIOW_P,28.9,29.1,29.5,29.9,30.3,30.9,31.2,31.4,31.7,32.4,33.4,34.2,35.1,36.1,37.2,38.3,39.5,40.8,42.2,43.6,44.7,46.1,47.4,48.7,49.9,50.5,51.7,53.0,54.5,56.1
WISD_6;WISD_1;ACTL_C,WISD_6;WISD_1;ACTL_C,341.0,346.7,352.2,357.7,363.6,366.5,369.4,369.9,370.0,377.2,383.9,392.2,402.1,412.7,423.4,435.3,446.7,458.7,472.0,484.9,499.2,512.6,525.6,538.1,549.1,562.6,573.5,585.3,598.2,611.4
WISH;RAVE,WISH;RAVE,71.6,72.7,73.6,74.5,75.6,77.3,78.4,79.4,80.8,83.1,86.7,89.6,92.9,96.5,100.2,104.6,109.0,113.8,119.2,124.4,128.4,133.4,138.2,142.8,146.8,148.6,152.5,156.8,161.6,166.5
WMEL_1,WMEL_1,592.0,600.3,605.2,610.3,616.3,618.9,622.5,623.9,627.5,637.0,648.3,660.2,674.6,689.8,704.9,722.2,739.2,756.3,774.4,791.7,811.9,829.7,847.0,863.4,878.2,892.4,904.5,915.9,928.2,940.5
WOHI_P,WOHI_P,37.2,37.8,38.3,38.8,39.3,40.1,40.6,41.1,41.7,42.8,44.4,45.8,47.4,49.1,50.9,52.9,55.0,57.3,59.8,62.2,64.0,66.4,68.6,70.8,72.7,73.7,75.5,77.5,79.7,82.0
WTHU31,WTHU31,49.9,50.8,51.5,52.2,53.0,53.3,53.8,54.0,54.4,55.4,56.3,57.5,58.9,60.4,62.0,63.7,65.4,67.1,69.1,71.0,73.2,75.2,77.1,79.0,80.6,82.7,84.4,86.3,88.4,90.6
WWEY_1,WWEY_1,410.7,418.2,423.3,428.7,434.9,438.2,442.0,444.1,447.0,456.4,466.6,478.2,492.0,506.7,521.8,539.0,555.8,572.8,590.6,607.7,626.5,643.7,660.5,676.5,691.0,705.9,717.6,728.6,740.6,752.7
WYLF_1,WYLF_1,52.9,53.7,54.3,55.0,55.8,56.2,56.8,57.4,58.2,59.5,60.6,62.1,63.9,65.7,67.6,68.3,70.3,72.3,74.5,76.6,77.7,79.7,81.6,83.4,85.1,85.8,87.1,88.4,89.8,91.2
WYMOM_1,WYMOM_1,270.4,276.4,281.0,286.0,291.7,295.2,299.2,302.0,305.0,314.1,323.3,334.2,346.8,360.5,374.5,388.6,404.3,420.1,436.6,452.2,467.4,482.8,497.8,512.0,525.2,535.8,545.6,554.4,563.9,573.7
